"sess_name","behavior","frequency_in_sess","prop","total","date","site","run","dog","sess","handler","speed","temperature","humidity","radiation","ground"
"amigo_22.08.2022_5_1.csv","undesired",15,0.182926829268293,82,"22.08.2022","acre1",5,"amigo",1,"Uriel",0.85,34,53.19,758.7,51.32
"amigo_22.08.2022_5_1.csv","neutral",0,0,82,"22.08.2022","acre1",5,"amigo",1,"Uriel",0.85,34,53.19,758.7,51.32
"amigo_22.08.2022_5_1.csv","desired",67,0.817073170731707,82,"22.08.2022","acre1",5,"amigo",1,"Uriel",0.85,34,53.19,758.7,51.32
"amigo_22.08.2022_5_2.csv","desired",211,0.890295358649789,237,"22.08.2022","acre1",5,"amigo",2,"Uriel",0.85,34,53.19,758.7,51.32
"amigo_22.08.2022_5_2.csv","undesired",26,0.109704641350211,237,"22.08.2022","acre1",5,"amigo",2,"Uriel",0.85,34,53.19,758.7,51.32
"amigo_22.08.2022_5_2.csv","neutral",0,0,237,"22.08.2022","acre1",5,"amigo",2,"Uriel",0.85,34,53.19,758.7,51.32
"black_02.08.2022_4_1.csv","neutral",3,0.0185185185185185,162,"02.08.2022","acre1",4,"black",1,"Uriel",1.812,30.41,66.48,671.98,45.26
"black_02.08.2022_4_1.csv","undesired",46,0.283950617283951,162,"02.08.2022","acre1",4,"black",1,"Uriel",1.812,30.41,66.48,671.98,45.26
"black_02.08.2022_4_1.csv","desired",113,0.697530864197531,162,"02.08.2022","acre1",4,"black",1,"Uriel",1.812,30.41,66.48,671.98,45.26
"black_02.08.2022_4_2.csv","desired",91,0.827272727272727,110,"02.08.2022","acre1",4,"black",2,"Uriel",1.812,30.41,66.48,671.98,45.26
"black_02.08.2022_4_2.csv","undesired",19,0.172727272727273,110,"02.08.2022","acre1",4,"black",2,"Uriel",1.812,30.41,66.48,671.98,45.26
"black_02.08.2022_4_2.csv","neutral",0,0,110,"02.08.2022","acre1",4,"black",2,"Uriel",1.812,30.41,66.48,671.98,45.26
"black_03.11.2022_1_1.csv","undesired",267,0.40210843373494,664,"03.11.2022","acre1",1,"black",1,"Shaked",0.489,23.18,67.17,535.37,32.43
"black_03.11.2022_1_1.csv","desired",299,0.450301204819277,664,"03.11.2022","acre1",1,"black",1,"Shaked",0.489,23.18,67.17,535.37,32.43
"black_03.11.2022_1_1.csv","neutral",98,0.147590361445783,664,"03.11.2022","acre1",1,"black",1,"Shaked",0.489,23.18,67.17,535.37,32.43
"black_03.11.2022_8_1.csv","desired",151,0.665198237885463,227,"03.11.2022","acre1",8,"black",1,"Uriel",0.623,28.16,53.98,263.16,34.43
"black_03.11.2022_8_1.csv","undesired",48,0.211453744493392,227,"03.11.2022","acre1",8,"black",1,"Uriel",0.623,28.16,53.98,263.16,34.43
"black_03.11.2022_8_1.csv","neutral",28,0.123348017621145,227,"03.11.2022","acre1",8,"black",1,"Uriel",0.623,28.16,53.98,263.16,34.43
"black_03.11.2022_8_2.csv","desired",290,0.741687979539642,391,"03.11.2022","acre1",8,"black",2,"Uriel",0.46,28.26,53.41,222.07,33.74
"black_03.11.2022_8_2.csv","undesired",91,0.232736572890026,391,"03.11.2022","acre1",8,"black",2,"Uriel",0.46,28.26,53.41,222.07,33.74
"black_03.11.2022_8_2.csv","neutral",10,0.0255754475703325,391,"03.11.2022","acre1",8,"black",2,"Uriel",0.46,28.26,53.41,222.07,33.74
"black_06.09.2022_10_1.csv","undesired",8,0.0824742268041237,97,"06.09.2022","hadasa2",10,"black",1,"Uriel",2.775,30.65,61.19,874.49,42.74
"black_06.09.2022_10_1.csv","desired",89,0.917525773195876,97,"06.09.2022","hadasa2",10,"black",1,"Uriel",2.775,30.65,61.19,874.49,42.74
"black_06.09.2022_10_1.csv","neutral",0,0,97,"06.09.2022","hadasa2",10,"black",1,"Uriel",2.775,30.65,61.19,874.49,42.74
"black_06.09.2022_10_2.csv","undesired",6,0.115384615384615,52,"06.09.2022","hadasa1",10,"black",2,"Uriel",2.859,31.14,59.67,934.51,44.08
"black_06.09.2022_10_2.csv","neutral",3,0.0576923076923077,52,"06.09.2022","hadasa1",10,"black",2,"Uriel",2.859,31.14,59.67,934.51,44.08
"black_06.09.2022_10_2.csv","desired",43,0.826923076923077,52,"06.09.2022","hadasa1",10,"black",2,"Uriel",2.859,31.14,59.67,934.51,44.08
"black_06.09.2022_4_1.csv","undesired",1,0.0208333333333333,48,"06.09.2022","hadasa1",4,"black",1,"Uriel",2.411,29.73,65.28,786.33,40.2
"black_06.09.2022_4_1.csv","desired",47,0.979166666666667,48,"06.09.2022","hadasa1",4,"black",1,"Uriel",2.411,29.73,65.28,786.33,40.2
"black_06.09.2022_4_1.csv","neutral",0,0,48,"06.09.2022","hadasa1",4,"black",1,"Uriel",2.411,29.73,65.28,786.33,40.2
"black_06.09.2022_4_2.csv","neutral",0,0,86,"06.09.2022","hadasa2",4,"black",2,"Uriel",2.403,29.72,65.93,796.04,41.1
"black_06.09.2022_4_2.csv","desired",83,0.965116279069767,86,"06.09.2022","hadasa2",4,"black",2,"Uriel",2.403,29.72,65.93,796.04,41.1
"black_06.09.2022_4_2.csv","undesired",3,0.0348837209302326,86,"06.09.2022","hadasa2",4,"black",2,"Uriel",2.403,29.72,65.93,796.04,41.1
"black_11.08.2022_4_1.csv","undesired",127,0.17590027700831,722,"11.08.2022","acre1",4,"black",1,"Uriel",0.532,34.62,54.78,967.05,59.44
"black_11.08.2022_4_1.csv","neutral",35,0.0484764542936288,722,"11.08.2022","acre1",4,"black",1,"Uriel",0.532,34.62,54.78,967.05,59.44
"black_11.08.2022_4_1.csv","desired",560,0.775623268698061,722,"11.08.2022","acre1",4,"black",1,"Uriel",0.532,34.62,54.78,967.05,59.44
"black_11.08.2022_4_2.csv","neutral",0,0,24,"11.08.2022","acre1",4,"black",2,"Uriel",0.573,35.04,53.87,974.56,60.15
"black_11.08.2022_4_2.csv","desired",17,0.708333333333333,24,"11.08.2022","acre1",4,"black",2,"Uriel",0.573,35.04,53.87,974.56,60.15
"black_11.08.2022_4_2.csv","undesired",7,0.291666666666667,24,"11.08.2022","acre1",4,"black",2,"Uriel",0.573,35.04,53.87,974.56,60.15
"black_13.09.2022_6_1.csv","desired",184,0.615384615384615,299,"13.09.2022","acre1",6,"black",1,"Uriel",310.4,34.87,51.1,736.72,51.63
"black_13.09.2022_6_1.csv","neutral",0,0,299,"13.09.2022","acre1",6,"black",1,"Uriel",310.4,34.87,51.1,736.72,51.63
"black_13.09.2022_6_1.csv","undesired",115,0.384615384615385,299,"13.09.2022","acre1",6,"black",1,"Uriel",310.4,34.87,51.1,736.72,51.63
"black_13.09.2022_6_2.csv","neutral",19,0.0397489539748954,478,"13.09.2022","acre1",6,"black",2,"Uriel",430.5,34.65,52.33,700.57,49.95
"black_13.09.2022_6_2.csv","undesired",142,0.297071129707113,478,"13.09.2022","acre1",6,"black",2,"Uriel",430.5,34.65,52.33,700.57,49.95
"black_13.09.2022_6_2.csv","desired",317,0.663179916317992,478,"13.09.2022","acre1",6,"black",2,"Uriel",430.5,34.65,52.33,700.57,49.95
"black_13.11.2022_4_1.csv","desired",49,0.816666666666667,60,"13.11.2022","acre1",4,"black",1,"Shaked",0.642,29.43,39.95,602.19,35.69
"black_13.11.2022_4_1.csv","undesired",11,0.183333333333333,60,"13.11.2022","acre1",4,"black",1,"Shaked",0.642,29.43,39.95,602.19,35.69
"black_13.11.2022_4_1.csv","neutral",0,0,60,"13.11.2022","acre1",4,"black",1,"Shaked",0.642,29.43,39.95,602.19,35.69
"black_13.11.2022_4_2.csv","desired",769,0.6698606271777,1148,"13.11.2022","acre1",4,"black",2,"Shaked",0.895,28.56,41.78,614.46,35.84
"black_13.11.2022_4_2.csv","undesired",297,0.258710801393728,1148,"13.11.2022","acre1",4,"black",2,"Shaked",0.895,28.56,41.78,614.46,35.84
"black_13.11.2022_4_2.csv","neutral",82,0.0714285714285714,1148,"13.11.2022","acre1",4,"black",2,"Shaked",0.895,28.56,41.78,614.46,35.84
"black_22.08.2022_6_1.csv","desired",489,0.817725752508361,598,"22.08.2022","acre1",6,"black",1,"Uriel",0.774,34.42,52.84,713.77,46.4
"black_22.08.2022_6_1.csv","undesired",76,0.127090301003344,598,"22.08.2022","acre1",6,"black",1,"Uriel",0.774,34.42,52.84,713.77,46.4
"black_22.08.2022_6_1.csv","neutral",33,0.0551839464882943,598,"22.08.2022","acre1",6,"black",1,"Uriel",0.774,34.42,52.84,713.77,46.4
"black_22.08.2022_6_2.csv","undesired",0,0,21,"22.08.2022","acre1",6,"black",2,"Uriel",1.015,34.17,53.44,683.83,45.95
"black_22.08.2022_6_2.csv","neutral",0,0,21,"22.08.2022","acre1",6,"black",2,"Uriel",1.015,34.17,53.44,683.83,45.95
"black_22.08.2022_6_2.csv","desired",21,1,21,"22.08.2022","acre1",6,"black",2,"Uriel",1.015,34.17,53.44,683.83,45.95
"black_23.10.2022_10_1.csv","undesired",2,0.0350877192982456,57,"23.10.2022","hadasa1",10,"black",1,"Uriel",2.328,27.69,55.42,681.45,39.55
"black_23.10.2022_10_1.csv","neutral",0,0,57,"23.10.2022","hadasa1",10,"black",1,"Uriel",2.328,27.69,55.42,681.45,39.55
"black_23.10.2022_10_1.csv","desired",55,0.964912280701754,57,"23.10.2022","hadasa1",10,"black",1,"Uriel",2.328,27.69,55.42,681.45,39.55
"black_23.10.2022_10_2.csv","desired",85,0.977011494252874,87,"23.10.2022","hadasa2",10,"black",2,"Uriel",2.328,27.69,55.42,681.45,39.55
"black_23.10.2022_10_2.csv","undesired",2,0.0229885057471264,87,"23.10.2022","hadasa2",10,"black",2,"Uriel",2.328,27.69,55.42,681.45,39.55
"black_23.10.2022_10_2.csv","neutral",0,0,87,"23.10.2022","hadasa2",10,"black",2,"Uriel",2.328,27.69,55.42,681.45,39.55
"black_23.10.2022_4_1.csv","desired",9,1,9,"23.10.2022","hadasa2",4,"black",1,"Uriel",1.741,28.79,42.34,644.66,39.77
"black_23.10.2022_4_1.csv","undesired",0,0,9,"23.10.2022","hadasa2",4,"black",1,"Uriel",1.741,28.79,42.34,644.66,39.77
"black_23.10.2022_4_1.csv","neutral",0,0,9,"23.10.2022","hadasa2",4,"black",1,"Uriel",1.741,28.79,42.34,644.66,39.77
"black_23.10.2022_4_2.csv","desired",96,0.834782608695652,115,"23.10.2022","hadasa1",4,"black",2,"Uriel",1.741,28.79,42.34,644.66,39.77
"black_23.10.2022_4_2.csv","undesired",13,0.11304347826087,115,"23.10.2022","hadasa1",4,"black",2,"Uriel",1.741,28.79,42.34,644.66,39.77
"black_23.10.2022_4_2.csv","neutral",6,0.0521739130434783,115,"23.10.2022","hadasa1",4,"black",2,"Uriel",1.741,28.79,42.34,644.66,39.77
"black_24.08.2022_3_1.csv","desired",58,0.983050847457627,59,"24.08.2022","hadasa2",3,"black",1,"Uriel",1.864,29.16,57.38,628.64,39.96
"black_24.08.2022_3_1.csv","undesired",0,0,59,"24.08.2022","hadasa2",3,"black",1,"Uriel",1.864,29.16,57.38,628.64,39.96
"black_24.08.2022_3_1.csv","neutral",1,0.0169491525423729,59,"24.08.2022","hadasa2",3,"black",1,"Uriel",1.864,29.16,57.38,628.64,39.96
"black_24.08.2022_3_2.csv","desired",57,0.838235294117647,68,"24.08.2022","hadasa1",3,"black",2,"Uriel",1.904,28.97,58.68,667.07,40.37
"black_24.08.2022_3_2.csv","undesired",11,0.161764705882353,68,"24.08.2022","hadasa1",3,"black",2,"Uriel",1.904,28.97,58.68,667.07,40.37
"black_24.08.2022_3_2.csv","neutral",0,0,68,"24.08.2022","hadasa1",3,"black",2,"Uriel",1.904,28.97,58.68,667.07,40.37
"black_24.08.2022_9_1.csv","undesired",13,0.138297872340426,94,"24.08.2022","hadasa1",9,"black",1,"Uriel",3.665,29.42,60,953.4,44.35
"black_24.08.2022_9_1.csv","neutral",0,0,94,"24.08.2022","hadasa1",9,"black",1,"Uriel",3.665,29.42,60,953.4,44.35
"black_24.08.2022_9_1.csv","desired",81,0.861702127659574,94,"24.08.2022","hadasa1",9,"black",1,"Uriel",3.665,29.42,60,953.4,44.35
"black_24.08.2022_9_2.csv","desired",39,1,39,"24.08.2022","hadasa2",9,"black",2,"Uriel",3.665,29.42,60,953.4,44.35
"black_24.08.2022_9_2.csv","undesired",0,0,39,"24.08.2022","hadasa2",9,"black",2,"Uriel",3.665,29.42,60,953.4,44.35
"black_24.08.2022_9_2.csv","neutral",0,0,39,"24.08.2022","hadasa2",9,"black",2,"Uriel",3.665,29.42,60,953.4,44.35
"black_30.11.2022_2_1.csv","desired",28,1,28,"30.11.2022","hadasa1",2,"black",1,"Uriel",3.064,21.29,71.75,628.49,23.07
"black_30.11.2022_2_1.csv","undesired",0,0,28,"30.11.2022","hadasa1",2,"black",1,"Uriel",3.064,21.29,71.75,628.49,23.07
"black_30.11.2022_2_1.csv","neutral",0,0,28,"30.11.2022","hadasa1",2,"black",1,"Uriel",3.064,21.29,71.75,628.49,23.07
"black_30.11.2022_2_2.csv","desired",35,0.972222222222222,36,"30.11.2022","hadasa2",2,"black",2,"Uriel",3.064,21.29,71.75,628.49,23.07
"black_30.11.2022_2_2.csv","undesired",1,0.0277777777777778,36,"30.11.2022","hadasa2",2,"black",2,"Uriel",3.064,21.29,71.75,628.49,23.07
"black_30.11.2022_2_2.csv","neutral",0,0,36,"30.11.2022","hadasa2",2,"black",2,"Uriel",3.064,21.29,71.75,628.49,23.07
"black_30.11.2022_6_1.csv","desired",78,0.951219512195122,82,"30.11.2022","hadasa2",6,"black",1,"Uriel",2.331,22.05,67.6,557.77,24.74
"black_30.11.2022_6_1.csv","undesired",4,0.0487804878048781,82,"30.11.2022","hadasa2",6,"black",1,"Uriel",2.331,22.05,67.6,557.77,24.74
"black_30.11.2022_6_1.csv","neutral",0,0,82,"30.11.2022","hadasa2",6,"black",1,"Uriel",2.331,22.05,67.6,557.77,24.74
"black_30.11.2022_6_2.csv","desired",17,0.653846153846154,26,"30.11.2022","hadasa1",6,"black",2,"Uriel",2.331,22.05,67.6,557.77,24.74
"black_30.11.2022_6_2.csv","undesired",0,0,26,"30.11.2022","hadasa1",6,"black",2,"Uriel",2.331,22.05,67.6,557.77,24.74
"black_30.11.2022_6_2.csv","neutral",9,0.346153846153846,26,"30.11.2022","hadasa1",6,"black",2,"Uriel",2.331,22.05,67.6,557.77,24.74
"choco_03.11.2022_3_1.csv","neutral",9,0.0428571428571429,210,"03.11.2022","acre1",3,"choco",1,"Shaked",0.818,26.17,58.22,649.71,37.31
"choco_03.11.2022_3_1.csv","undesired",21,0.1,210,"03.11.2022","acre1",3,"choco",1,"Shaked",0.818,26.17,58.22,649.71,37.31
"choco_03.11.2022_3_1.csv","desired",180,0.857142857142857,210,"03.11.2022","acre1",3,"choco",1,"Shaked",0.818,26.17,58.22,649.71,37.31
"choco_03.11.2022_3_2.csv","undesired",515,0.369971264367816,1392,"03.11.2022","acre1",3,"choco",2,"Shaked",0.974,26.15,57.63,668.56,38.67
"choco_03.11.2022_3_2.csv","desired",600,0.431034482758621,1392,"03.11.2022","acre1",3,"choco",2,"Shaked",0.974,26.15,57.63,668.56,38.67
"choco_03.11.2022_3_2.csv","neutral",277,0.198994252873563,1392,"03.11.2022","acre1",3,"choco",2,"Shaked",0.974,26.15,57.63,668.56,38.67
"choco_06.09.2022_1_1.csv","neutral",10,0.131578947368421,76,"06.09.2022","hadasa1",1,"choco",1,"Uriel",2.3,29.45,65.71,681.53,38.58
"choco_06.09.2022_1_1.csv","undesired",23,0.302631578947368,76,"06.09.2022","hadasa1",1,"choco",1,"Uriel",2.3,29.45,65.71,681.53,38.58
"choco_06.09.2022_1_1.csv","desired",43,0.565789473684211,76,"06.09.2022","hadasa1",1,"choco",1,"Uriel",2.3,29.45,65.71,681.53,38.58
"choco_06.09.2022_1_2.csv","desired",79,0.9875,80,"06.09.2022","hadasa2",1,"choco",2,"Uriel",2.3,29.45,65.71,681.53,38.58
"choco_06.09.2022_1_2.csv","neutral",0,0,80,"06.09.2022","hadasa2",1,"choco",2,"Uriel",2.3,29.45,65.71,681.53,38.58
"choco_06.09.2022_1_2.csv","undesired",1,0.0125,80,"06.09.2022","hadasa2",1,"choco",2,"Uriel",2.3,29.45,65.71,681.53,38.58
"choco_06.09.2022_7_1.csv","undesired",5,0.0746268656716418,67,"06.09.2022","hadasa1",7,"choco",1,"Uriel",2.709,29.71,65.99,796.78,39.94
"choco_06.09.2022_7_1.csv","desired",62,0.925373134328358,67,"06.09.2022","hadasa1",7,"choco",1,"Uriel",2.709,29.71,65.99,796.78,39.94
"choco_06.09.2022_7_1.csv","neutral",0,0,67,"06.09.2022","hadasa1",7,"choco",1,"Uriel",2.709,29.71,65.99,796.78,39.94
"choco_06.09.2022_7_2.csv","desired",91,0.827272727272727,110,"06.09.2022","hadasa2",7,"choco",2,"Uriel",2.709,29.71,65.99,796.78,39.94
"choco_06.09.2022_7_2.csv","neutral",0,0,110,"06.09.2022","hadasa2",7,"choco",2,"Uriel",2.709,29.71,65.99,796.78,39.94
"choco_06.09.2022_7_2.csv","undesired",19,0.172727272727273,110,"06.09.2022","hadasa2",7,"choco",2,"Uriel",2.709,29.71,65.99,796.78,39.94
"choco_11.08.2022_2_1.csv","neutral",0,0,23,"11.08.2022","acre1",2,"choco",1,"Uriel",0.818,31.74,60.94,636.74,47.33
"choco_11.08.2022_2_1.csv","undesired",1,0.0434782608695652,23,"11.08.2022","acre1",2,"choco",1,"Uriel",0.818,31.74,60.94,636.74,47.33
"choco_11.08.2022_2_1.csv","desired",22,0.956521739130435,23,"11.08.2022","acre1",2,"choco",1,"Uriel",0.818,31.74,60.94,636.74,47.33
"choco_11.08.2022_2_2.csv","neutral",0,0,172,"11.08.2022","acre1",2,"choco",2,"Uriel",1.04,31.44,61.02,672.51,48.33
"choco_11.08.2022_2_2.csv","desired",160,0.930232558139535,172,"11.08.2022","acre1",2,"choco",2,"Uriel",1.04,31.44,61.02,672.51,48.33
"choco_11.08.2022_2_2.csv","undesired",12,0.0697674418604651,172,"11.08.2022","acre1",2,"choco",2,"Uriel",1.04,31.44,61.02,672.51,48.33
"choco_13.09.2022_7_1.csv","undesired",122,0.124489795918367,980,"13.09.2022","acre1",7,"choco",1,"Uriel",400.4,33.75,54.68,520.75,45.81
"choco_13.09.2022_7_1.csv","neutral",39,0.0397959183673469,980,"13.09.2022","acre1",7,"choco",1,"Uriel",400.4,33.75,54.68,520.75,45.81
"choco_13.09.2022_7_1.csv","desired",819,0.835714285714286,980,"13.09.2022","acre1",7,"choco",1,"Uriel",400.4,33.75,54.68,520.75,45.81
"choco_13.09.2022_7_2.csv","neutral",0,0,64,"13.09.2022","acre1",7,"choco",2,"Uriel",420.4,33.4,55.39,482.23,43.74
"choco_13.09.2022_7_2.csv","desired",56,0.875,64,"13.09.2022","acre1",7,"choco",2,"Uriel",420.4,33.4,55.39,482.23,43.74
"choco_13.09.2022_7_2.csv","undesired",8,0.125,64,"13.09.2022","acre1",7,"choco",2,"Uriel",420.4,33.4,55.39,482.23,43.74
"choco_13.11.2022_7_1.csv","neutral",15,0.0691244239631336,217,"13.11.2022","acre1",7,"choco",1,"Shaked",0.488,30.01,42.75,344.27,34.9
"choco_13.11.2022_7_1.csv","undesired",16,0.0737327188940092,217,"13.11.2022","acre1",7,"choco",1,"Shaked",0.488,30.01,42.75,344.27,34.9
"choco_13.11.2022_7_1.csv","desired",186,0.857142857142857,217,"13.11.2022","acre1",7,"choco",1,"Shaked",0.488,30.01,42.75,344.27,34.9
"choco_13.11.2022_7_2.csv","desired",551,0.611542730299667,901,"13.11.2022","acre1",7,"choco",2,"Shaked",0.664,29.26,43.77,312.5,34.14
"choco_13.11.2022_7_2.csv","undesired",285,0.316315205327414,901,"13.11.2022","acre1",7,"choco",2,"Shaked",0.664,29.26,43.77,312.5,34.14
"choco_13.11.2022_7_2.csv","neutral",65,0.072142064372919,901,"13.11.2022","acre1",7,"choco",2,"Shaked",0.664,29.26,43.77,312.5,34.14
"choco_14.09.2022_12_1.csv","neutral",0,0,32,"14.09.2022","hadasa2",12,"choco",1,"Sarah",13.47,30.2,52.84,721.69,42.28
"choco_14.09.2022_12_1.csv","desired",30,0.9375,32,"14.09.2022","hadasa2",12,"choco",1,"Sarah",13.47,30.2,52.84,721.69,42.28
"choco_14.09.2022_12_1.csv","undesired",2,0.0625,32,"14.09.2022","hadasa2",12,"choco",1,"Sarah",13.47,30.2,52.84,721.69,42.28
"choco_14.09.2022_12_2.csv","undesired",169,0.206349206349206,819,"14.09.2022","hadasa1",12,"choco",2,"Sarah",92.9,31.01,49.81,898.13,44.74
"choco_14.09.2022_12_2.csv","neutral",42,0.0512820512820513,819,"14.09.2022","hadasa1",12,"choco",2,"Sarah",92.9,31.01,49.81,898.13,44.74
"choco_14.09.2022_12_2.csv","desired",608,0.742368742368742,819,"14.09.2022","hadasa1",12,"choco",2,"Sarah",92.9,31.01,49.81,898.13,44.74
"choco_15.08.2022_4_1.csv","neutral",9,0.0566037735849057,159,"15.08.2022","hadasa2",4,"choco",1,"Uriel",2.369,29.65,60.87,847.98,45.58
"choco_15.08.2022_4_1.csv","undesired",57,0.358490566037736,159,"15.08.2022","hadasa2",4,"choco",1,"Uriel",2.369,29.65,60.87,847.98,45.58
"choco_15.08.2022_4_1.csv","desired",93,0.584905660377358,159,"15.08.2022","hadasa2",4,"choco",1,"Uriel",2.369,29.65,60.87,847.98,45.58
"choco_15.08.2022_4_2.csv","neutral",26,0.0783132530120482,332,"15.08.2022","hadasa1",4,"choco",2,"Uriel",2.376,30.12,59.85,867.67,46.18
"choco_15.08.2022_4_2.csv","undesired",115,0.346385542168675,332,"15.08.2022","hadasa1",4,"choco",2,"Uriel",2.376,30.12,59.85,867.67,46.18
"choco_15.08.2022_4_2.csv","desired",191,0.575301204819277,332,"15.08.2022","hadasa1",4,"choco",2,"Uriel",2.376,30.12,59.85,867.67,46.18
"choco_16.11.2022_4_1.csv","desired",94,0.94,100,"16.11.2022","hadasa2",4,"choco",1,"Uriel",4.425,21.09,65.6,135.81,19.52
"choco_16.11.2022_4_1.csv","undesired",6,0.06,100,"16.11.2022","hadasa2",4,"choco",1,"Uriel",4.425,21.09,65.6,135.81,19.52
"choco_16.11.2022_4_1.csv","neutral",0,0,100,"16.11.2022","hadasa2",4,"choco",1,"Uriel",4.425,21.09,65.6,135.81,19.52
"choco_16.11.2022_4_2.csv","desired",57,0.814285714285714,70,"16.11.2022","hadasa1",4,"choco",2,"Uriel",5.213,20.35,67.18,193.57,19.43
"choco_16.11.2022_4_2.csv","undesired",9,0.128571428571429,70,"16.11.2022","hadasa1",4,"choco",2,"Uriel",5.213,20.35,67.18,193.57,19.43
"choco_16.11.2022_4_2.csv","neutral",4,0.0571428571428571,70,"16.11.2022","hadasa1",4,"choco",2,"Uriel",5.213,20.35,67.18,193.57,19.43
"choco_16.11.2022_8_1.csv","undesired",7,0.0503597122302158,139,"16.11.2022","hadasa1",8,"choco",1,"Uriel",2.752,22.05,62.14,581.87,23.54
"choco_16.11.2022_8_1.csv","desired",132,0.949640287769784,139,"16.11.2022","hadasa1",8,"choco",1,"Uriel",2.752,22.05,62.14,581.87,23.54
"choco_16.11.2022_8_1.csv","neutral",0,0,139,"16.11.2022","hadasa1",8,"choco",1,"Uriel",2.752,22.05,62.14,581.87,23.54
"choco_16.11.2022_8_2.csv","neutral",0,0,67,"16.11.2022","hadasa2",8,"choco",2,"Uriel",2.752,22.05,62.14,581.87,23.54
"choco_16.11.2022_8_2.csv","desired",60,0.895522388059702,67,"16.11.2022","hadasa2",8,"choco",2,"Uriel",2.752,22.05,62.14,581.87,23.54
"choco_16.11.2022_8_2.csv","undesired",7,0.104477611940299,67,"16.11.2022","hadasa2",8,"choco",2,"Uriel",2.752,22.05,62.14,581.87,23.54
"choco_22.08.2022_1_1.csv","undesired",0,0,34,"22.08.2022","acre1",1,"choco",1,"Uriel",21.34,28.08,70.29,484.73,38.64
"choco_22.08.2022_1_1.csv","desired",34,1,34,"22.08.2022","acre1",1,"choco",1,"Uriel",21.34,28.08,70.29,484.73,38.64
"choco_22.08.2022_1_1.csv","neutral",0,0,34,"22.08.2022","acre1",1,"choco",1,"Uriel",21.34,28.08,70.29,484.73,38.64
"choco_22.08.2022_1_2.csv","undesired",0,0,113,"22.08.2022","acre1",1,"choco",2,"Uriel",1.259,29.29,66.78,691.26,44.45
"choco_22.08.2022_1_2.csv","neutral",0,0,113,"22.08.2022","acre1",1,"choco",2,"Uriel",1.259,29.29,66.78,691.26,44.45
"choco_22.08.2022_1_2.csv","desired",113,1,113,"22.08.2022","acre1",1,"choco",2,"Uriel",1.259,29.29,66.78,691.26,44.45
"choco_23.10.2022_1_1.csv","undesired",3,0.0230769230769231,130,"23.10.2022","hadasa1",1,"choco",1,"Uriel",1.847,27.97,44.43,587.34,36.84
"choco_23.10.2022_1_1.csv","desired",127,0.976923076923077,130,"23.10.2022","hadasa1",1,"choco",1,"Uriel",1.847,27.97,44.43,587.34,36.84
"choco_23.10.2022_1_1.csv","neutral",0,0,130,"23.10.2022","hadasa1",1,"choco",1,"Uriel",1.847,27.97,44.43,587.34,36.84
"choco_23.10.2022_7_1.csv","desired",32,1,32,"23.10.2022","hadasa2",7,"choco",1,"Uriel",2.845,29.32,39.54,697.81,40.96
"choco_23.10.2022_7_1.csv","undesired",0,0,32,"23.10.2022","hadasa2",7,"choco",1,"Uriel",2.845,29.32,39.54,697.81,40.96
"choco_23.10.2022_7_1.csv","neutral",0,0,32,"23.10.2022","hadasa2",7,"choco",1,"Uriel",2.845,29.32,39.54,697.81,40.96
"choco_23.10.2022_7_2.csv","neutral",0,0,19,"23.10.2022","hadasa1",7,"choco",2,"Uriel",2.845,29.32,39.54,697.81,40.96
"choco_23.10.2022_7_2.csv","desired",18,0.947368421052632,19,"23.10.2022","hadasa1",7,"choco",2,"Uriel",2.845,29.32,39.54,697.81,40.96
"choco_23.10.2022_7_2.csv","undesired",1,0.0526315789473684,19,"23.10.2022","hadasa1",7,"choco",2,"Uriel",2.845,29.32,39.54,697.81,40.96
"choco_24.08.2022_6_2.csv","neutral",12,0.0555555555555556,216,"24.08.2022","hadasa2",6,"choco",2,"Uriel",3.078,29.06,59.13,854.41,42.92
"choco_24.08.2022_6_2.csv","desired",156,0.722222222222222,216,"24.08.2022","hadasa2",6,"choco",2,"Uriel",3.078,29.06,59.13,854.41,42.92
"choco_24.08.2022_6_2.csv","undesired",48,0.222222222222222,216,"24.08.2022","hadasa2",6,"choco",2,"Uriel",3.078,29.06,59.13,854.41,42.92
"chuck_02.08.2022_3_1.csv","undesired",53,0.358108108108108,148,"02.08.2022","acre1",3,"chuck",1,"Uriel",1.827,30.26,66.89,677.56,44.84
"chuck_02.08.2022_3_1.csv","neutral",1,0.00675675675675676,148,"02.08.2022","acre1",3,"chuck",1,"Uriel",1.827,30.26,66.89,677.56,44.84
"chuck_02.08.2022_3_1.csv","desired",94,0.635135135135135,148,"02.08.2022","acre1",3,"chuck",1,"Uriel",1.827,30.26,66.89,677.56,44.84
"chuck_02.08.2022_3_2.csv","undesired",2,0.0289855072463768,69,"02.08.2022","acre1",3,"chuck",2,"Uriel",1.827,30.26,66.89,677.56,44.84
"chuck_02.08.2022_3_2.csv","neutral",0,0,69,"02.08.2022","acre1",3,"chuck",2,"Uriel",1.827,30.26,66.89,677.56,44.84
"chuck_02.08.2022_3_2.csv","desired",67,0.971014492753623,69,"02.08.2022","acre1",3,"chuck",2,"Uriel",1.827,30.26,66.89,677.56,44.84
"chuck_03.11.2022_7_1.csv","undesired",26,0.168831168831169,154,"03.11.2022","acre1",7,"chuck",1,"Uriel",0.745,29.47,50.9,317.34,36.09
"chuck_03.11.2022_7_1.csv","desired",127,0.824675324675325,154,"03.11.2022","acre1",7,"chuck",1,"Uriel",0.745,29.47,50.9,317.34,36.09
"chuck_03.11.2022_7_1.csv","neutral",1,0.00649350649350649,154,"03.11.2022","acre1",7,"chuck",1,"Uriel",0.745,29.47,50.9,317.34,36.09
"chuck_03.11.2022_7_2.csv","neutral",8,0.0418848167539267,191,"03.11.2022","acre1",7,"chuck",2,"Uriel",0.697,28.35,53.35,325.54,35.08
"chuck_03.11.2022_7_2.csv","undesired",57,0.298429319371728,191,"03.11.2022","acre1",7,"chuck",2,"Uriel",0.697,28.35,53.35,325.54,35.08
"chuck_03.11.2022_7_2.csv","desired",126,0.659685863874346,191,"03.11.2022","acre1",7,"chuck",2,"Uriel",0.697,28.35,53.35,325.54,35.08
"chuck_06.09.2022_11_1.csv","neutral",0,0,32,"06.09.2022","hadasa1",11,"chuck",1,"Uriel",2.859,31.14,59.67,934.51,44.08
"chuck_06.09.2022_11_1.csv","desired",32,1,32,"06.09.2022","hadasa1",11,"chuck",1,"Uriel",2.859,31.14,59.67,934.51,44.08
"chuck_06.09.2022_11_1.csv","undesired",0,0,32,"06.09.2022","hadasa1",11,"chuck",1,"Uriel",2.859,31.14,59.67,934.51,44.08
"chuck_06.09.2022_11_2.csv","neutral",1,0.0065359477124183,153,"06.09.2022","hadasa2",11,"chuck",2,"Uriel",2.591,31.11,60.36,929.45,44.09
"chuck_06.09.2022_11_2.csv","desired",131,0.856209150326797,153,"06.09.2022","hadasa2",11,"chuck",2,"Uriel",2.591,31.11,60.36,929.45,44.09
"chuck_06.09.2022_11_2.csv","undesired",21,0.137254901960784,153,"06.09.2022","hadasa2",11,"chuck",2,"Uriel",2.591,31.11,60.36,929.45,44.09
"chuck_06.09.2022_5_1.csv","desired",99,0.933962264150943,106,"06.09.2022","hadasa2",5,"chuck",1,"Uriel",2.503,30.03,65.36,816.23,42
"chuck_06.09.2022_5_1.csv","undesired",7,0.0660377358490566,106,"06.09.2022","hadasa2",5,"chuck",1,"Uriel",2.503,30.03,65.36,816.23,42
"chuck_06.09.2022_5_1.csv","neutral",0,0,106,"06.09.2022","hadasa2",5,"chuck",1,"Uriel",2.503,30.03,65.36,816.23,42
"chuck_06.09.2022_5_2.csv","neutral",5,0.0208333333333333,240,"06.09.2022","hadasa1",5,"chuck",2,"Uriel",2.503,30.03,65.36,816.23,42
"chuck_06.09.2022_5_2.csv","undesired",26,0.108333333333333,240,"06.09.2022","hadasa1",5,"chuck",2,"Uriel",2.503,30.03,65.36,816.23,42
"chuck_06.09.2022_5_2.csv","desired",209,0.870833333333333,240,"06.09.2022","hadasa1",5,"chuck",2,"Uriel",2.503,30.03,65.36,816.23,42
"chuck_11.08.2022_5_1.csv","desired",243,0.778846153846154,312,"11.08.2022","acre1",5,"chuck",1,"Uriel",0.677,35.23,52.84,950.28,59.79
"chuck_11.08.2022_5_1.csv","neutral",0,0,312,"11.08.2022","acre1",5,"chuck",1,"Uriel",0.677,35.23,52.84,950.28,59.79
"chuck_11.08.2022_5_1.csv","undesired",69,0.221153846153846,312,"11.08.2022","acre1",5,"chuck",1,"Uriel",0.677,35.23,52.84,950.28,59.79
"chuck_11.08.2022_5_2.csv","neutral",0,0,54,"11.08.2022","acre1",5,"chuck",2,"Uriel",0.677,35.23,52.84,950.28,59.79
"chuck_11.08.2022_5_2.csv","desired",43,0.796296296296296,54,"11.08.2022","acre1",5,"chuck",2,"Uriel",0.677,35.23,52.84,950.28,59.79
"chuck_11.08.2022_5_2.csv","undesired",11,0.203703703703704,54,"11.08.2022","acre1",5,"chuck",2,"Uriel",0.677,35.23,52.84,950.28,59.79
"chuck_13.09.2022_2_1.csv","desired",450,0.822669104204753,547,"13.09.2022","acre1",2,"chuck",1,"Shaked",1.897,30.77,63.27,775.64,48.82
"chuck_13.09.2022_2_1.csv","undesired",86,0.157221206581353,547,"13.09.2022","acre1",2,"chuck",1,"Shaked",1.897,30.77,63.27,775.64,48.82
"chuck_13.09.2022_2_1.csv","neutral",11,0.020109689213894,547,"13.09.2022","acre1",2,"chuck",1,"Shaked",1.897,30.77,63.27,775.64,48.82
"chuck_13.09.2022_2_2.csv","neutral",0,0,85,"13.09.2022","acre1",2,"chuck",2,"Shaked",2.068,30.82,63.47,793.56,48.99
"chuck_13.09.2022_2_2.csv","desired",71,0.835294117647059,85,"13.09.2022","acre1",2,"chuck",2,"Shaked",2.068,30.82,63.47,793.56,48.99
"chuck_13.09.2022_2_2.csv","undesired",14,0.164705882352941,85,"13.09.2022","acre1",2,"chuck",2,"Shaked",2.068,30.82,63.47,793.56,48.99
"chuck_13.11.2022_3_1.csv","desired",129,0.889655172413793,145,"13.11.2022","acre1",3,"chuck",1,"Uriel",0.41,29.33,40.15,587.59,34.66
"chuck_13.11.2022_3_1.csv","undesired",16,0.110344827586207,145,"13.11.2022","acre1",3,"chuck",1,"Uriel",0.41,29.33,40.15,587.59,34.66
"chuck_13.11.2022_3_1.csv","neutral",0,0,145,"13.11.2022","acre1",3,"chuck",1,"Uriel",0.41,29.33,40.15,587.59,34.66
"chuck_14.09.2022_3_1.csv","desired",12,1,12,"14.09.2022","hadasa1",3,"chuck",1,"Uriel",3.254,29.76,52.29,830.87,41.78
"chuck_14.09.2022_3_1.csv","undesired",0,0,12,"14.09.2022","hadasa1",3,"chuck",1,"Uriel",3.254,29.76,52.29,830.87,41.78
"chuck_14.09.2022_3_1.csv","neutral",0,0,12,"14.09.2022","hadasa1",3,"chuck",1,"Uriel",3.254,29.76,52.29,830.87,41.78
"chuck_14.09.2022_3_2.csv","desired",144,0.95364238410596,151,"14.09.2022","hadasa2",3,"chuck",2,"Uriel",3.254,29.76,52.29,830.87,41.78
"chuck_14.09.2022_3_2.csv","neutral",0,0,151,"14.09.2022","hadasa2",3,"chuck",2,"Uriel",3.254,29.76,52.29,830.87,41.78
"chuck_14.09.2022_3_2.csv","undesired",7,0.0463576158940397,151,"14.09.2022","hadasa2",3,"chuck",2,"Uriel",3.254,29.76,52.29,830.87,41.78
"chuck_14.09.2022_9_1.csv","undesired",3,0.0882352941176471,34,"14.09.2022","hadasa2",9,"chuck",1,"Sarah",3.525,30.46,50.58,920.73,44.86
"chuck_14.09.2022_9_1.csv","neutral",0,0,34,"14.09.2022","hadasa2",9,"chuck",1,"Sarah",3.525,30.46,50.58,920.73,44.86
"chuck_14.09.2022_9_1.csv","desired",31,0.911764705882353,34,"14.09.2022","hadasa2",9,"chuck",1,"Sarah",3.525,30.46,50.58,920.73,44.86
"chuck_14.09.2022_9_2.csv","neutral",0,0,75,"14.09.2022","hadasa1",9,"chuck",2,"Sarah",3.525,30.46,50.58,920.73,44.86
"chuck_14.09.2022_9_2.csv","undesired",4,0.0533333333333333,75,"14.09.2022","hadasa1",9,"chuck",2,"Sarah",3.525,30.46,50.58,920.73,44.86
"chuck_14.09.2022_9_2.csv","desired",71,0.946666666666667,75,"14.09.2022","hadasa1",9,"chuck",2,"Sarah",3.525,30.46,50.58,920.73,44.86
"chuck_22.08.2022_8_1.csv","neutral",32,0.0600375234521576,533,"22.08.2022","acre1",8,"chuck",1,"Uriel",0.783,33.78,55.14,549.59,44.79
"chuck_22.08.2022_8_1.csv","desired",363,0.681050656660413,533,"22.08.2022","acre1",8,"chuck",1,"Uriel",0.783,33.78,55.14,549.59,44.79
"chuck_22.08.2022_8_1.csv","undesired",138,0.25891181988743,533,"22.08.2022","acre1",8,"chuck",1,"Uriel",0.783,33.78,55.14,549.59,44.79
"chuck_22.08.2022_8_2.csv","desired",331,0.587921847246892,563,"22.08.2022","acre1",8,"chuck",2,"Uriel",0.666,33.2,55.87,392.32,43.16
"chuck_22.08.2022_8_2.csv","undesired",182,0.323268206039076,563,"22.08.2022","acre1",8,"chuck",2,"Uriel",0.666,33.2,55.87,392.32,43.16
"chuck_22.08.2022_8_2.csv","neutral",50,0.088809946714032,563,"22.08.2022","acre1",8,"chuck",2,"Uriel",0.666,33.2,55.87,392.32,43.16
"chuck_23.10.2022_11_1.csv","undesired",0,0,47,"23.10.2022","hadasa1",11,"chuck",1,"Nina",2.327,27.85,54.28,664.08,39.37
"chuck_23.10.2022_11_1.csv","neutral",0,0,47,"23.10.2022","hadasa1",11,"chuck",1,"Nina",2.327,27.85,54.28,664.08,39.37
"chuck_23.10.2022_11_1.csv","desired",47,1,47,"23.10.2022","hadasa1",11,"chuck",1,"Nina",2.327,27.85,54.28,664.08,39.37
"chuck_23.10.2022_11_2.csv","desired",47,0.810344827586207,58,"23.10.2022","hadasa2",11,"chuck",2,"Nina",2.327,27.85,54.28,664.08,39.37
"chuck_23.10.2022_11_2.csv","undesired",11,0.189655172413793,58,"23.10.2022","hadasa2",11,"chuck",2,"Nina",2.327,27.85,54.28,664.08,39.37
"chuck_23.10.2022_11_2.csv","neutral",0,0,58,"23.10.2022","hadasa2",11,"chuck",2,"Nina",2.327,27.85,54.28,664.08,39.37
"chuck_23.10.2022_5_1.csv","desired",263,0.851132686084142,309,"23.10.2022","hadasa1",5,"chuck",1,"Uriel",2.465,28.91,41.67,673.54,39.88
"chuck_23.10.2022_5_1.csv","undesired",35,0.113268608414239,309,"23.10.2022","hadasa1",5,"chuck",1,"Uriel",2.465,28.91,41.67,673.54,39.88
"chuck_23.10.2022_5_1.csv","neutral",11,0.0355987055016181,309,"23.10.2022","hadasa1",5,"chuck",1,"Uriel",2.465,28.91,41.67,673.54,39.88
"chuck_23.10.2022_5_2.csv","desired",21,1,21,"23.10.2022","hadasa2",5,"chuck",2,"Uriel",3.307,28.88,41.09,683.33,39.78
"chuck_23.10.2022_5_2.csv","neutral",0,0,21,"23.10.2022","hadasa2",5,"chuck",2,"Uriel",3.307,28.88,41.09,683.33,39.78
"chuck_23.10.2022_5_2.csv","undesired",0,0,21,"23.10.2022","hadasa2",5,"chuck",2,"Uriel",3.307,28.88,41.09,683.33,39.78
"chuck_24.08.2022_2_1.csv","neutral",17,0.0491329479768786,346,"24.08.2022","hadasa1",2,"chuck",1,"Uriel",1.185,29.87,54.31,551.36,39.06
"chuck_24.08.2022_2_1.csv","desired",287,0.829479768786127,346,"24.08.2022","hadasa1",2,"chuck",1,"Uriel",1.185,29.87,54.31,551.36,39.06
"chuck_24.08.2022_2_1.csv","undesired",42,0.121387283236994,346,"24.08.2022","hadasa1",2,"chuck",1,"Uriel",1.185,29.87,54.31,551.36,39.06
"chuck_24.08.2022_8_1.csv","desired",162,0.77511961722488,209,"24.08.2022","hadasa2",8,"chuck",1,"Uriel",3.425,29.2,60.07,915.01,43.81
"chuck_24.08.2022_8_1.csv","undesired",47,0.22488038277512,209,"24.08.2022","hadasa2",8,"chuck",1,"Uriel",3.425,29.2,60.07,915.01,43.81
"chuck_24.08.2022_8_1.csv","neutral",0,0,209,"24.08.2022","hadasa2",8,"chuck",1,"Uriel",3.425,29.2,60.07,915.01,43.81
"chuck_24.08.2022_8_2.csv","desired",1,Inf,0,"24.08.2022","hadasa1",8,"chuck",2,"Uriel",3.016,29.73,58.83,943.25,44.99
"chuck_24.08.2022_8_2.csv","undesired",0,NA,0,"24.08.2022","hadasa1",8,"chuck",2,"Uriel",3.016,29.73,58.83,943.25,44.99
"chuck_24.08.2022_8_2.csv","neutral",0,NA,0,"24.08.2022","hadasa1",8,"chuck",2,"Uriel",3.016,29.73,58.83,943.25,44.99
"chuck_30.11.2022_3_1.csv","desired",75,0.9375,80,"30.11.2022","hadasa2",3,"chuck",1,"Uriel",2.802,21.27,71.27,589.13,23.23
"chuck_30.11.2022_3_1.csv","undesired",5,0.0625,80,"30.11.2022","hadasa2",3,"chuck",1,"Uriel",2.802,21.27,71.27,589.13,23.23
"chuck_30.11.2022_3_1.csv","neutral",0,0,80,"30.11.2022","hadasa2",3,"chuck",1,"Uriel",2.802,21.27,71.27,589.13,23.23
"chuck_30.11.2022_3_2.csv","desired",38,0.974358974358974,39,"30.11.2022","hadasa1",3,"chuck",2,"Uriel",2.802,21.27,71.27,589.13,23.23
"chuck_30.11.2022_3_2.csv","undesired",1,0.0256410256410256,39,"30.11.2022","hadasa1",3,"chuck",2,"Uriel",2.802,21.27,71.27,589.13,23.23
"chuck_30.11.2022_3_2.csv","neutral",0,0,39,"30.11.2022","hadasa1",3,"chuck",2,"Uriel",2.802,21.27,71.27,589.13,23.23
"chuck_30.11.2022_7_1.csv","desired",36,0.972972972972973,37,"30.11.2022","hadasa1",7,"chuck",1,"Uriel",2.494,22.06,66.89,545.83,24.76
"chuck_30.11.2022_7_1.csv","undesired",1,0.027027027027027,37,"30.11.2022","hadasa1",7,"chuck",1,"Uriel",2.494,22.06,66.89,545.83,24.76
"chuck_30.11.2022_7_1.csv","neutral",0,0,37,"30.11.2022","hadasa1",7,"chuck",1,"Uriel",2.494,22.06,66.89,545.83,24.76
"chuck_30.11.2022_7_2.csv","desired",46,0.901960784313726,51,"30.11.2022","hadasa2",7,"chuck",2,"Uriel",2.494,22.06,66.89,545.83,24.76
"chuck_30.11.2022_7_2.csv","undesired",5,0.0980392156862745,51,"30.11.2022","hadasa2",7,"chuck",2,"Uriel",2.494,22.06,66.89,545.83,24.76
"chuck_30.11.2022_7_2.csv","neutral",0,0,51,"30.11.2022","hadasa2",7,"chuck",2,"Uriel",2.494,22.06,66.89,545.83,24.76
"freddy_02.08.2022_5_1.csv","undesired",348,0.370607028753994,939,"02.08.2022","acre1",5,"freddy",1,"Uriel",2.731,30.14,68.17,736.37,45.67
"freddy_02.08.2022_5_1.csv","desired",591,0.629392971246006,939,"02.08.2022","acre1",5,"freddy",1,"Uriel",2.731,30.14,68.17,736.37,45.67
"freddy_02.08.2022_5_1.csv","neutral",0,0,939,"02.08.2022","acre1",5,"freddy",1,"Uriel",2.731,30.14,68.17,736.37,45.67
"freddy_03.11.2022_2_1.csv","desired",119,0.772727272727273,154,"03.11.2022","acre1",2,"freddy",1,"Shaked",0.778,25.8,59.04,606.52,35.65
"freddy_03.11.2022_2_1.csv","neutral",15,0.0974025974025974,154,"03.11.2022","acre1",2,"freddy",1,"Shaked",0.778,25.8,59.04,606.52,35.65
"freddy_03.11.2022_2_1.csv","undesired",20,0.12987012987013,154,"03.11.2022","acre1",2,"freddy",1,"Shaked",0.778,25.8,59.04,606.52,35.65
"freddy_03.11.2022_2_2.csv","desired",185,0.656028368794326,282,"03.11.2022","acre1",2,"freddy",2,"Shaked",0.701,26.08,58.47,622.42,36.47
"freddy_03.11.2022_2_2.csv","undesired",97,0.343971631205674,282,"03.11.2022","acre1",2,"freddy",2,"Shaked",0.701,26.08,58.47,622.42,36.47
"freddy_03.11.2022_2_2.csv","neutral",0,0,282,"03.11.2022","acre1",2,"freddy",2,"Shaked",0.701,26.08,58.47,622.42,36.47
"freddy_06.09.2022_3_1.csv","desired",35,1,35,"06.09.2022","hadasa2",3,"freddy",1,"Uriel",2.669,29.55,65.9,624.66,38.48
"freddy_06.09.2022_3_1.csv","undesired",0,0,35,"06.09.2022","hadasa2",3,"freddy",1,"Uriel",2.669,29.55,65.9,624.66,38.48
"freddy_06.09.2022_3_1.csv","neutral",0,0,35,"06.09.2022","hadasa2",3,"freddy",1,"Uriel",2.669,29.55,65.9,624.66,38.48
"freddy_06.09.2022_3_2.csv","desired",65,0.369318181818182,176,"06.09.2022","hadasa1",3,"freddy",2,"Uriel",2.669,29.55,65.9,624.66,38.48
"freddy_06.09.2022_3_2.csv","neutral",0,0,176,"06.09.2022","hadasa1",3,"freddy",2,"Uriel",2.669,29.55,65.9,624.66,38.48
"freddy_06.09.2022_3_2.csv","undesired",111,0.630681818181818,176,"06.09.2022","hadasa1",3,"freddy",2,"Uriel",2.669,29.55,65.9,624.66,38.48
"freddy_11.08.2022_3_1.csv","desired",1173,0.678034682080925,1730,"11.08.2022","acre1",3,"freddy",1,"Uriel",0.712,32.24,59.9,731.11,50.97
"freddy_11.08.2022_3_1.csv","undesired",537,0.310404624277457,1730,"11.08.2022","acre1",3,"freddy",1,"Uriel",0.712,32.24,59.9,731.11,50.97
"freddy_11.08.2022_3_1.csv","neutral",20,0.0115606936416185,1730,"11.08.2022","acre1",3,"freddy",1,"Uriel",0.712,32.24,59.9,731.11,50.97
"freddy_13.09.2022_3_1.csv","undesired",5,0.0561797752808989,89,"13.09.2022","acre1",3,"freddy",1,"Shaked",2.35,31.09,62.45,841.66,50.78
"freddy_13.09.2022_3_1.csv","desired",84,0.943820224719101,89,"13.09.2022","acre1",3,"freddy",1,"Shaked",2.35,31.09,62.45,841.66,50.78
"freddy_13.09.2022_3_1.csv","neutral",0,0,89,"13.09.2022","acre1",3,"freddy",1,"Shaked",2.35,31.09,62.45,841.66,50.78
"freddy_13.09.2022_3_2.csv","neutral",0,0,68,"13.09.2022","acre1",3,"freddy",2,"Shaked",2.249,31.31,61.41,862.85,51.64
"freddy_13.09.2022_3_2.csv","desired",58,0.852941176470588,68,"13.09.2022","acre1",3,"freddy",2,"Shaked",2.249,31.31,61.41,862.85,51.64
"freddy_13.09.2022_3_2.csv","undesired",10,0.147058823529412,68,"13.09.2022","acre1",3,"freddy",2,"Shaked",2.249,31.31,61.41,862.85,51.64
"freddy_13.11.2022_6_1.csv","undesired",34,0.236111111111111,144,"13.11.2022","acre1",6,"freddy",1,"Shaked",0.427,30.81,38.42,417.99,35.39
"freddy_13.11.2022_6_1.csv","neutral",0,0,144,"13.11.2022","acre1",6,"freddy",1,"Shaked",0.427,30.81,38.42,417.99,35.39
"freddy_13.11.2022_6_1.csv","desired",110,0.763888888888889,144,"13.11.2022","acre1",6,"freddy",1,"Shaked",0.427,30.81,38.42,417.99,35.39
"freddy_13.11.2022_6_2.csv","neutral",0,0,137,"13.11.2022","acre1",6,"freddy",2,"Shaked",0.513,30.43,39.5,390.16,35.56
"freddy_13.11.2022_6_2.csv","desired",101,0.737226277372263,137,"13.11.2022","acre1",6,"freddy",2,"Shaked",0.513,30.43,39.5,390.16,35.56
"freddy_13.11.2022_6_2.csv","undesired",36,0.262773722627737,137,"13.11.2022","acre1",6,"freddy",2,"Shaked",0.513,30.43,39.5,390.16,35.56
"freddy_14.09.2022_10_1.csv","neutral",2,0.0192307692307692,104,"14.09.2022","hadasa2",10,"freddy",1,"Sarah",2.827,30.87,49.84,936.71,45.63
"freddy_14.09.2022_10_1.csv","undesired",23,0.221153846153846,104,"14.09.2022","hadasa2",10,"freddy",1,"Sarah",2.827,30.87,49.84,936.71,45.63
"freddy_14.09.2022_10_1.csv","desired",79,0.759615384615385,104,"14.09.2022","hadasa2",10,"freddy",1,"Sarah",2.827,30.87,49.84,936.71,45.63
"freddy_14.09.2022_10_2.csv","desired",168,0.65625,256,"14.09.2022","hadasa1",10,"freddy",2,"Sarah",23.51,30.61,50.98,978.76,46.18
"freddy_14.09.2022_10_2.csv","undesired",88,0.34375,256,"14.09.2022","hadasa1",10,"freddy",2,"Sarah",23.51,30.61,50.98,978.76,46.18
"freddy_14.09.2022_10_2.csv","neutral",0,0,256,"14.09.2022","hadasa1",10,"freddy",2,"Sarah",23.51,30.61,50.98,978.76,46.18
"freddy_14.09.2022_4_1.csv","desired",69,0.758241758241758,91,"14.09.2022","hadasa1",4,"freddy",1,"Uriel",3.255,30.05,52.79,852.85,42.62
"freddy_14.09.2022_4_1.csv","neutral",0,0,91,"14.09.2022","hadasa1",4,"freddy",1,"Uriel",3.255,30.05,52.79,852.85,42.62
"freddy_14.09.2022_4_1.csv","undesired",22,0.241758241758242,91,"14.09.2022","hadasa1",4,"freddy",1,"Uriel",3.255,30.05,52.79,852.85,42.62
"freddy_14.09.2022_4_2.csv","neutral",0,0,87,"14.09.2022","hadasa2",4,"freddy",2,"Uriel",3.386,30.06,51.43,857.1,42.59
"freddy_14.09.2022_4_2.csv","undesired",14,0.160919540229885,87,"14.09.2022","hadasa2",4,"freddy",2,"Uriel",3.386,30.06,51.43,857.1,42.59
"freddy_14.09.2022_4_2.csv","desired",73,0.839080459770115,87,"14.09.2022","hadasa2",4,"freddy",2,"Uriel",3.386,30.06,51.43,857.1,42.59
"freddy_15.08.2022_2_1.csv","neutral",0,0,29,"15.08.2022","hadasa2",2,"freddy",1,"Uriel",2.569,29.43,59.56,781.1,42.94
"freddy_15.08.2022_2_1.csv","undesired",0,0,29,"15.08.2022","hadasa2",2,"freddy",1,"Uriel",2.569,29.43,59.56,781.1,42.94
"freddy_15.08.2022_2_1.csv","desired",29,1,29,"15.08.2022","hadasa2",2,"freddy",1,"Uriel",2.569,29.43,59.56,781.1,42.94
"freddy_15.08.2022_2_2.csv","desired",33,0.379310344827586,87,"15.08.2022","hadasa1",2,"freddy",2,"Uriel",2.569,29.43,59.56,781.1,42.94
"freddy_15.08.2022_2_2.csv","undesired",54,0.620689655172414,87,"15.08.2022","hadasa1",2,"freddy",2,"Uriel",2.569,29.43,59.56,781.1,42.94
"freddy_15.08.2022_2_2.csv","neutral",0,0,87,"15.08.2022","hadasa1",2,"freddy",2,"Uriel",2.569,29.43,59.56,781.1,42.94
"freddy_15.08.2022_6_1.csv","desired",105,0.714285714285714,147,"15.08.2022","hadasa2",6,"freddy",1,"Uriel",2.801,29.82,59.98,938.44,46.82
"freddy_15.08.2022_6_1.csv","neutral",9,0.0612244897959184,147,"15.08.2022","hadasa2",6,"freddy",1,"Uriel",2.801,29.82,59.98,938.44,46.82
"freddy_15.08.2022_6_1.csv","undesired",33,0.224489795918367,147,"15.08.2022","hadasa2",6,"freddy",1,"Uriel",2.801,29.82,59.98,938.44,46.82
"freddy_15.08.2022_6_2.csv","desired",188,0.435185185185185,432,"15.08.2022","hadasa1",6,"freddy",2,"Uriel",2.395,29.97,59.73,948.37,48.06
"freddy_15.08.2022_6_2.csv","neutral",37,0.0856481481481482,432,"15.08.2022","hadasa1",6,"freddy",2,"Uriel",2.395,29.97,59.73,948.37,48.06
"freddy_15.08.2022_6_2.csv","undesired",207,0.479166666666667,432,"15.08.2022","hadasa1",6,"freddy",2,"Uriel",2.395,29.97,59.73,948.37,48.06
"freddy_16.11.2022_3_1.csv","neutral",0,0,131,"16.11.2022","hadasa1",3,"freddy",1,"Uriel",2.465,21.62,62.73,188.72,20.82
"freddy_16.11.2022_3_1.csv","desired",120,0.916030534351145,131,"16.11.2022","hadasa1",3,"freddy",1,"Uriel",2.465,21.62,62.73,188.72,20.82
"freddy_16.11.2022_3_1.csv","undesired",11,0.083969465648855,131,"16.11.2022","hadasa1",3,"freddy",1,"Uriel",2.465,21.62,62.73,188.72,20.82
"freddy_16.11.2022_3_2.csv","desired",82,0.931818181818182,88,"16.11.2022","hadasa2",3,"freddy",2,"Uriel",2.465,21.62,62.73,188.72,20.82
"freddy_16.11.2022_3_2.csv","undesired",6,0.0681818181818182,88,"16.11.2022","hadasa2",3,"freddy",2,"Uriel",2.465,21.62,62.73,188.72,20.82
"freddy_16.11.2022_3_2.csv","neutral",0,0,88,"16.11.2022","hadasa2",3,"freddy",2,"Uriel",2.465,21.62,62.73,188.72,20.82
"freddy_16.11.2022_7_1.csv","desired",45,0.865384615384615,52,"16.11.2022","hadasa2",7,"freddy",1,"Uriel",2.734,21.09,64.4,220.35,20.41
"freddy_16.11.2022_7_1.csv","undesired",7,0.134615384615385,52,"16.11.2022","hadasa2",7,"freddy",1,"Uriel",2.734,21.09,64.4,220.35,20.41
"freddy_16.11.2022_7_1.csv","neutral",0,0,52,"16.11.2022","hadasa2",7,"freddy",1,"Uriel",2.734,21.09,64.4,220.35,20.41
"freddy_16.11.2022_7_2.csv","neutral",0,0,66,"16.11.2022","hadasa1",7,"freddy",2,"Uriel",3.179,21.46,62.76,473.03,21.95
"freddy_16.11.2022_7_2.csv","undesired",3,0.0454545454545455,66,"16.11.2022","hadasa1",7,"freddy",2,"Uriel",3.179,21.46,62.76,473.03,21.95
"freddy_16.11.2022_7_2.csv","desired",63,0.954545454545455,66,"16.11.2022","hadasa1",7,"freddy",2,"Uriel",3.179,21.46,62.76,473.03,21.95
"freddy_22.08.2022_2_1.csv","desired",467,0.67485549132948,692,"22.08.2022","acre1",2,"freddy",1,"Uriel",1.241,29.97,64.16,660.08,45.94
"freddy_22.08.2022_2_1.csv","undesired",225,0.32514450867052,692,"22.08.2022","acre1",2,"freddy",1,"Uriel",1.241,29.97,64.16,660.08,45.94
"freddy_22.08.2022_2_1.csv","neutral",0,0,692,"22.08.2022","acre1",2,"freddy",1,"Uriel",1.241,29.97,64.16,660.08,45.94
"freddy_22.08.2022_2_2.csv","undesired",89,0.26099706744868,341,"22.08.2022","acre1",2,"freddy",2,"Uriel",1.417,30.56,62.44,760.4,48.33
"freddy_22.08.2022_2_2.csv","neutral",0,0,341,"22.08.2022","acre1",2,"freddy",2,"Uriel",1.417,30.56,62.44,760.4,48.33
"freddy_22.08.2022_2_2.csv","desired",252,0.73900293255132,341,"22.08.2022","acre1",2,"freddy",2,"Uriel",1.417,30.56,62.44,760.4,48.33
"freddy_23.10.2022_3_1.csv","undesired",3,0.0454545454545455,66,"23.10.2022","hadasa1",3,"freddy",1,"Uriel",1.777,28.52,42.67,630.2,38.72
"freddy_23.10.2022_3_1.csv","neutral",0,0,66,"23.10.2022","hadasa1",3,"freddy",1,"Uriel",1.777,28.52,42.67,630.2,38.72
"freddy_23.10.2022_3_1.csv","desired",63,0.954545454545455,66,"23.10.2022","hadasa1",3,"freddy",1,"Uriel",1.777,28.52,42.67,630.2,38.72
"freddy_23.10.2022_3_2.csv","undesired",1,0.0416666666666667,24,"23.10.2022","hadasa2",3,"freddy",2,"Uriel",1.777,28.52,42.67,630.2,38.72
"freddy_23.10.2022_3_2.csv","neutral",0,0,24,"23.10.2022","hadasa2",3,"freddy",2,"Uriel",1.777,28.52,42.67,630.2,38.72
"freddy_23.10.2022_3_2.csv","desired",23,0.958333333333333,24,"23.10.2022","hadasa2",3,"freddy",2,"Uriel",1.777,28.52,42.67,630.2,38.72
"freddy_23.10.2022_9_1.csv","desired",51,0.927272727272727,55,"23.10.2022","hadasa2",9,"freddy",1,"Uriel",1.744,29.87,43.84,664.85,42.35
"freddy_23.10.2022_9_1.csv","undesired",4,0.0727272727272727,55,"23.10.2022","hadasa2",9,"freddy",1,"Uriel",1.744,29.87,43.84,664.85,42.35
"freddy_23.10.2022_9_1.csv","neutral",0,0,55,"23.10.2022","hadasa2",9,"freddy",1,"Uriel",1.744,29.87,43.84,664.85,42.35
"freddy_23.10.2022_9_2.csv","neutral",0,0,71,"23.10.2022","hadasa1",9,"freddy",2,"Uriel",3.87,27.44,55.56,710.67,38.03
"freddy_23.10.2022_9_2.csv","desired",63,0.887323943661972,71,"23.10.2022","hadasa1",9,"freddy",2,"Uriel",3.87,27.44,55.56,710.67,38.03
"freddy_23.10.2022_9_2.csv","undesired",8,0.112676056338028,71,"23.10.2022","hadasa1",9,"freddy",2,"Uriel",3.87,27.44,55.56,710.67,38.03
"gibor_02.08.2022_2_1.csv","undesired",41,0.133986928104575,306,"02.08.2022","acre1",2,"gibor",1,"Uriel",2.017,29.85,68.32,542.12,40.83
"gibor_02.08.2022_2_1.csv","neutral",0,0,306,"02.08.2022","acre1",2,"gibor",1,"Uriel",2.017,29.85,68.32,542.12,40.83
"gibor_02.08.2022_2_1.csv","desired",265,0.866013071895425,306,"02.08.2022","acre1",2,"gibor",1,"Uriel",2.017,29.85,68.32,542.12,40.83
"gibor_02.08.2022_2_2.csv","neutral",6,0.0165289256198347,363,"02.08.2022","acre1",2,"gibor",2,"Uriel",2.369,29.58,68.86,577.41,40.78
"gibor_02.08.2022_2_2.csv","undesired",56,0.154269972451791,363,"02.08.2022","acre1",2,"gibor",2,"Uriel",2.369,29.58,68.86,577.41,40.78
"gibor_02.08.2022_2_2.csv","desired",301,0.829201101928375,363,"02.08.2022","acre1",2,"gibor",2,"Uriel",2.369,29.58,68.86,577.41,40.78
"gibor_03.11.2022_5_1.csv","neutral",0,0,46,"03.11.2022","acre1",5,"gibor",1,"Shaked",1.227,26.77,56.24,678.25,39.84
"gibor_03.11.2022_5_1.csv","desired",43,0.934782608695652,46,"03.11.2022","acre1",5,"gibor",1,"Shaked",1.227,26.77,56.24,678.25,39.84
"gibor_03.11.2022_5_1.csv","undesired",3,0.0652173913043478,46,"03.11.2022","acre1",5,"gibor",1,"Shaked",1.227,26.77,56.24,678.25,39.84
"gibor_03.11.2022_5_2.csv","neutral",0,0,176,"03.11.2022","acre1",5,"gibor",2,"Shaked",0.747,27.35,55.26,673.27,41.33
"gibor_03.11.2022_5_2.csv","desired",158,0.897727272727273,176,"03.11.2022","acre1",5,"gibor",2,"Shaked",0.747,27.35,55.26,673.27,41.33
"gibor_03.11.2022_5_2.csv","undesired",18,0.102272727272727,176,"03.11.2022","acre1",5,"gibor",2,"Shaked",0.747,27.35,55.26,673.27,41.33
"gibor_06.09.2022_12_1.csv","desired",70,0.324074074074074,216,"06.09.2022","hadasa1",12,"gibor",1,"Uriel",2.81,31.18,60.29,926.01,43.86
"gibor_06.09.2022_12_1.csv","neutral",65,0.300925925925926,216,"06.09.2022","hadasa1",12,"gibor",1,"Uriel",2.81,31.18,60.29,926.01,43.86
"gibor_06.09.2022_12_1.csv","undesired",81,0.375,216,"06.09.2022","hadasa1",12,"gibor",1,"Uriel",2.81,31.18,60.29,926.01,43.86
"gibor_06.09.2022_12_2.csv","neutral",0,0,181,"06.09.2022","hadasa2",12,"gibor",2,"Uriel",2.81,31.18,60.29,926.01,43.86
"gibor_06.09.2022_12_2.csv","undesired",7,0.0386740331491713,181,"06.09.2022","hadasa2",12,"gibor",2,"Uriel",2.81,31.18,60.29,926.01,43.86
"gibor_06.09.2022_12_2.csv","desired",174,0.961325966850829,181,"06.09.2022","hadasa2",12,"gibor",2,"Uriel",2.81,31.18,60.29,926.01,43.86
"gibor_06.09.2022_6_1.csv","desired",64,0.688172043010753,93,"06.09.2022","hadasa2",6,"gibor",1,"Uriel",2.351,30.3,64.89,846.3,43.03
"gibor_06.09.2022_6_1.csv","undesired",29,0.311827956989247,93,"06.09.2022","hadasa2",6,"gibor",1,"Uriel",2.351,30.3,64.89,846.3,43.03
"gibor_06.09.2022_6_1.csv","neutral",0,0,93,"06.09.2022","hadasa2",6,"gibor",1,"Uriel",2.351,30.3,64.89,846.3,43.03
"gibor_06.09.2022_6_2.csv","undesired",0,0,50,"06.09.2022","hadasa1",6,"gibor",2,"Uriel",2.351,30.3,64.89,846.3,43.03
"gibor_06.09.2022_6_2.csv","desired",50,1,50,"06.09.2022","hadasa1",6,"gibor",2,"Uriel",2.351,30.3,64.89,846.3,43.03
"gibor_06.09.2022_6_2.csv","neutral",0,0,50,"06.09.2022","hadasa1",6,"gibor",2,"Uriel",2.351,30.3,64.89,846.3,43.03
"gibor_13.09.2022_5_1.csv","neutral",56,0.146981627296588,381,"13.09.2022","acre1",5,"gibor",1,"Uriel",420.6,33.42,53.56,825.3,54.45
"gibor_13.09.2022_5_1.csv","desired",215,0.564304461942257,381,"13.09.2022","acre1",5,"gibor",1,"Uriel",420.6,33.42,53.56,825.3,54.45
"gibor_13.09.2022_5_1.csv","undesired",110,0.288713910761155,381,"13.09.2022","acre1",5,"gibor",1,"Uriel",420.6,33.42,53.56,825.3,54.45
"gibor_13.09.2022_5_2.csv","desired",253,0.897163120567376,282,"13.09.2022","acre1",5,"gibor",2,"Uriel",410.4,34.22,51.85,767.48,52.36
"gibor_13.09.2022_5_2.csv","undesired",29,0.102836879432624,282,"13.09.2022","acre1",5,"gibor",2,"Uriel",410.4,34.22,51.85,767.48,52.36
"gibor_13.09.2022_5_2.csv","neutral",0,0,282,"13.09.2022","acre1",5,"gibor",2,"Uriel",410.4,34.22,51.85,767.48,52.36
"gibor_13.11.2022_2_1.csv","desired",138,0.826347305389222,167,"13.11.2022","acre1",2,"gibor",1,"Shaked",0.633,28.6,39.59,562.01,33.08
"gibor_13.11.2022_2_1.csv","undesired",28,0.167664670658683,167,"13.11.2022","acre1",2,"gibor",1,"Shaked",0.633,28.6,39.59,562.01,33.08
"gibor_13.11.2022_2_1.csv","neutral",1,0.00598802395209581,167,"13.11.2022","acre1",2,"gibor",1,"Shaked",0.633,28.6,39.59,562.01,33.08
"gibor_13.11.2022_2_2.csv","neutral",0,0,395,"13.11.2022","acre1",2,"gibor",2,"Shaked",0.49,28.74,39.5,580.1,33.95
"gibor_13.11.2022_2_2.csv","undesired",73,0.184810126582278,395,"13.11.2022","acre1",2,"gibor",2,"Shaked",0.49,28.74,39.5,580.1,33.95
"gibor_13.11.2022_2_2.csv","desired",322,0.815189873417722,395,"13.11.2022","acre1",2,"gibor",2,"Shaked",0.49,28.74,39.5,580.1,33.95
"gibor_14.09.2022_2_1.csv","undesired",34,0.162679425837321,209,"14.09.2022","hadasa1",2,"gibor",1,"Uriel",3.654,29.36,52.97,809.21,40.59
"gibor_14.09.2022_2_1.csv","desired",148,0.708133971291866,209,"14.09.2022","hadasa1",2,"gibor",1,"Uriel",3.654,29.36,52.97,809.21,40.59
"gibor_14.09.2022_2_1.csv","neutral",27,0.129186602870813,209,"14.09.2022","hadasa1",2,"gibor",1,"Uriel",3.654,29.36,52.97,809.21,40.59
"gibor_14.09.2022_2_2.csv","neutral",0,0,49,"14.09.2022","hadasa2",2,"gibor",2,"Uriel",3.654,29.36,52.97,809.21,40.59
"gibor_14.09.2022_2_2.csv","desired",48,0.979591836734694,49,"14.09.2022","hadasa2",2,"gibor",2,"Uriel",3.654,29.36,52.97,809.21,40.59
"gibor_14.09.2022_2_2.csv","undesired",1,0.0204081632653061,49,"14.09.2022","hadasa2",2,"gibor",2,"Uriel",3.654,29.36,52.97,809.21,40.59
"gibor_14.09.2022_8_1.csv","desired",60,0.983606557377049,61,"14.09.2022","hadasa2",8,"gibor",1,"Sarah",3.614,29.96,50.63,924.05,44.3
"gibor_14.09.2022_8_1.csv","undesired",1,0.0163934426229508,61,"14.09.2022","hadasa2",8,"gibor",1,"Sarah",3.614,29.96,50.63,924.05,44.3
"gibor_14.09.2022_8_1.csv","neutral",0,0,61,"14.09.2022","hadasa2",8,"gibor",1,"Sarah",3.614,29.96,50.63,924.05,44.3
"gibor_14.09.2022_8_2.csv","desired",153,0.768844221105528,199,"14.09.2022","hadasa1",8,"gibor",2,"Sarah",3.614,29.96,50.63,924.05,44.3
"gibor_14.09.2022_8_2.csv","undesired",46,0.231155778894472,199,"14.09.2022","hadasa1",8,"gibor",2,"Sarah",3.614,29.96,50.63,924.05,44.3
"gibor_14.09.2022_8_2.csv","neutral",0,0,199,"14.09.2022","hadasa1",8,"gibor",2,"Sarah",3.614,29.96,50.63,924.05,44.3
"gibor_15.08.2022_1_1.csv","neutral",25,0.0899280575539568,278,"15.08.2022","hadasa1",1,"gibor",1,"Uriel",2.129,29.54,61.63,725.08,41.98
"gibor_15.08.2022_1_1.csv","desired",183,0.658273381294964,278,"15.08.2022","hadasa1",1,"gibor",1,"Uriel",2.129,29.54,61.63,725.08,41.98
"gibor_15.08.2022_1_1.csv","undesired",70,0.251798561151079,278,"15.08.2022","hadasa1",1,"gibor",1,"Uriel",2.129,29.54,61.63,725.08,41.98
"gibor_15.08.2022_1_2.csv","desired",93,0.861111111111111,108,"15.08.2022","hadasa2",1,"gibor",2,"Uriel",2.529,29.54,60.37,761.46,42.51
"gibor_15.08.2022_1_2.csv","undesired",15,0.138888888888889,108,"15.08.2022","hadasa2",1,"gibor",2,"Uriel",2.529,29.54,60.37,761.46,42.51
"gibor_15.08.2022_1_2.csv","neutral",0,0,108,"15.08.2022","hadasa2",1,"gibor",2,"Uriel",2.529,29.54,60.37,761.46,42.51
"gibor_15.08.2022_5_1.csv","neutral",9,0.0456852791878173,197,"15.08.2022","hadasa1",5,"gibor",1,"Uriel",2.74,29.85,61.4,868.34,46.21
"gibor_15.08.2022_5_1.csv","desired",158,0.802030456852792,197,"15.08.2022","hadasa1",5,"gibor",1,"Uriel",2.74,29.85,61.4,868.34,46.21
"gibor_15.08.2022_5_1.csv","undesired",30,0.152284263959391,197,"15.08.2022","hadasa1",5,"gibor",1,"Uriel",2.74,29.85,61.4,868.34,46.21
"gibor_15.08.2022_5_2.csv","desired",33,0.891891891891892,37,"15.08.2022","hadasa2",5,"gibor",2,"Uriel",2.74,29.85,61.4,868.34,46.21
"gibor_15.08.2022_5_2.csv","undesired",4,0.108108108108108,37,"15.08.2022","hadasa2",5,"gibor",2,"Uriel",2.74,29.85,61.4,868.34,46.21
"gibor_15.08.2022_5_2.csv","neutral",0,0,37,"15.08.2022","hadasa2",5,"gibor",2,"Uriel",2.74,29.85,61.4,868.34,46.21
"gibor_16.11.2022_2_1.csv","undesired",0,0,44,"16.11.2022","hadasa2",2,"gibor",1,"Uriel",2.723,21.74,58.87,339.4,21.07
"gibor_16.11.2022_2_1.csv","desired",44,1,44,"16.11.2022","hadasa2",2,"gibor",1,"Uriel",2.723,21.74,58.87,339.4,21.07
"gibor_16.11.2022_2_1.csv","neutral",0,0,44,"16.11.2022","hadasa2",2,"gibor",1,"Uriel",2.723,21.74,58.87,339.4,21.07
"gibor_16.11.2022_2_2.csv","desired",63,0.984375,64,"16.11.2022","hadasa1",2,"gibor",2,"Uriel",2.972,21.83,61.62,464.83,22.33
"gibor_16.11.2022_2_2.csv","neutral",0,0,64,"16.11.2022","hadasa1",2,"gibor",2,"Uriel",2.972,21.83,61.62,464.83,22.33
"gibor_16.11.2022_2_2.csv","undesired",1,0.015625,64,"16.11.2022","hadasa1",2,"gibor",2,"Uriel",2.972,21.83,61.62,464.83,22.33
"gibor_16.11.2022_6_1.csv","desired",58,0.935483870967742,62,"16.11.2022","hadasa1",6,"gibor",1,"Uriel",3.041,20.83,64.31,187.24,20
"gibor_16.11.2022_6_1.csv","undesired",4,0.0645161290322581,62,"16.11.2022","hadasa1",6,"gibor",1,"Uriel",3.041,20.83,64.31,187.24,20
"gibor_16.11.2022_6_1.csv","neutral",0,0,62,"16.11.2022","hadasa1",6,"gibor",1,"Uriel",3.041,20.83,64.31,187.24,20
"gibor_16.11.2022_6_2.csv","undesired",0,0,13,"16.11.2022","hadasa2",6,"gibor",2,"Uriel",3.041,20.83,64.31,187.24,20
"gibor_16.11.2022_6_2.csv","desired",13,1,13,"16.11.2022","hadasa2",6,"gibor",2,"Uriel",3.041,20.83,64.31,187.24,20
"gibor_16.11.2022_6_2.csv","neutral",0,0,13,"16.11.2022","hadasa2",6,"gibor",2,"Uriel",3.041,20.83,64.31,187.24,20
"gibor_23.10.2022_12_1.csv","desired",119,0.901515151515151,132,"23.10.2022","hadasa1",12,"gibor",1,"Uriel",2.594,27.97,53.26,675,39.31
"gibor_23.10.2022_12_1.csv","undesired",13,0.0984848484848485,132,"23.10.2022","hadasa1",12,"gibor",1,"Uriel",2.594,27.97,53.26,675,39.31
"gibor_23.10.2022_12_1.csv","neutral",0,0,132,"23.10.2022","hadasa1",12,"gibor",1,"Uriel",2.594,27.97,53.26,675,39.31
"gibor_23.10.2022_12_2.csv","undesired",2,0.0714285714285714,28,"23.10.2022","hadasa2",12,"gibor",2,"Uriel",3.226,27.65,54.12,702.47,38.72
"gibor_23.10.2022_12_2.csv","neutral",0,0,28,"23.10.2022","hadasa2",12,"gibor",2,"Uriel",3.226,27.65,54.12,702.47,38.72
"gibor_23.10.2022_12_2.csv","desired",26,0.928571428571429,28,"23.10.2022","hadasa2",12,"gibor",2,"Uriel",3.226,27.65,54.12,702.47,38.72
"gibor_23.10.2022_6_1.csv","desired",32,0.888888888888889,36,"23.10.2022","hadasa2",6,"gibor",1,"Uriel",2.874,29.03,40.55,689.34,40.57
"gibor_23.10.2022_6_1.csv","undesired",4,0.111111111111111,36,"23.10.2022","hadasa2",6,"gibor",1,"Uriel",2.874,29.03,40.55,689.34,40.57
"gibor_23.10.2022_6_1.csv","neutral",0,0,36,"23.10.2022","hadasa2",6,"gibor",1,"Uriel",2.874,29.03,40.55,689.34,40.57
"gibor_23.10.2022_6_2.csv","undesired",30,0.150753768844221,199,"23.10.2022","hadasa1",6,"gibor",2,"Uriel",2.874,29.03,40.55,689.34,40.57
"gibor_23.10.2022_6_2.csv","neutral",0,0,199,"23.10.2022","hadasa1",6,"gibor",2,"Uriel",2.874,29.03,40.55,689.34,40.57
"gibor_23.10.2022_6_2.csv","desired",169,0.849246231155779,199,"23.10.2022","hadasa1",6,"gibor",2,"Uriel",2.874,29.03,40.55,689.34,40.57
"gibor_27.10.2022_2_1.csv","desired",347,0.538819875776398,644,"27.10.2022","acre1",2,"gibor",1,"Shaked",0.534,29.26,51.91,661.89,43.21
"gibor_27.10.2022_2_1.csv","undesired",134,0.208074534161491,644,"27.10.2022","acre1",2,"gibor",1,"Shaked",0.534,29.26,51.91,661.89,43.21
"gibor_27.10.2022_2_1.csv","neutral",163,0.253105590062112,644,"27.10.2022","acre1",2,"gibor",1,"Shaked",0.534,29.26,51.91,661.89,43.21
"hugo_03.11.2022_4_1.csv","undesired",7,0.0476190476190476,147,"03.11.2022","acre1",4,"hugo",1,"Shaked",1.132,26.53,56.11,686.87,40.29
"hugo_03.11.2022_4_1.csv","desired",140,0.952380952380952,147,"03.11.2022","acre1",4,"hugo",1,"Shaked",1.132,26.53,56.11,686.87,40.29
"hugo_03.11.2022_4_1.csv","neutral",0,0,147,"03.11.2022","acre1",4,"hugo",1,"Shaked",1.132,26.53,56.11,686.87,40.29
"hugo_03.11.2022_4_2.csv","neutral",0,0,72,"03.11.2022","acre1",4,"hugo",2,"Shaked",0.92,26.92,55.87,685.81,40.74
"hugo_03.11.2022_4_2.csv","undesired",4,0.0555555555555556,72,"03.11.2022","acre1",4,"hugo",2,"Shaked",0.92,26.92,55.87,685.81,40.74
"hugo_03.11.2022_4_2.csv","desired",68,0.944444444444444,72,"03.11.2022","acre1",4,"hugo",2,"Shaked",0.92,26.92,55.87,685.81,40.74
"hugo_06.09.2022_2_1.csv","undesired",31,0.151960784313725,204,"06.09.2022","hadasa1",2,"hugo",1,"Uriel",2.51,29.48,65.71,705.17,38.92
"hugo_06.09.2022_2_1.csv","desired",153,0.75,204,"06.09.2022","hadasa1",2,"hugo",1,"Uriel",2.51,29.48,65.71,705.17,38.92
"hugo_06.09.2022_2_1.csv","neutral",20,0.0980392156862745,204,"06.09.2022","hadasa1",2,"hugo",1,"Uriel",2.51,29.48,65.71,705.17,38.92
"hugo_06.09.2022_2_2.csv","neutral",0,0,24,"06.09.2022","hadasa2",2,"hugo",2,"Uriel",2.343,29.58,65.74,730.44,39.61
"hugo_06.09.2022_2_2.csv","desired",23,0.958333333333333,24,"06.09.2022","hadasa2",2,"hugo",2,"Uriel",2.343,29.58,65.74,730.44,39.61
"hugo_06.09.2022_2_2.csv","undesired",1,0.0416666666666667,24,"06.09.2022","hadasa2",2,"hugo",2,"Uriel",2.343,29.58,65.74,730.44,39.61
"hugo_06.09.2022_8_1.csv","desired",64,1,64,"06.09.2022","hadasa2",8,"hugo",1,"Uriel",2.749,30.27,63.53,881.92,41.96
"hugo_06.09.2022_8_1.csv","undesired",0,0,64,"06.09.2022","hadasa2",8,"hugo",1,"Uriel",2.749,30.27,63.53,881.92,41.96
"hugo_06.09.2022_8_1.csv","neutral",0,0,64,"06.09.2022","hadasa2",8,"hugo",1,"Uriel",2.749,30.27,63.53,881.92,41.96
"hugo_06.09.2022_8_2.csv","neutral",0,0,27,"06.09.2022","hadasa1",8,"hugo",2,"Uriel",2.749,30.27,63.53,881.92,41.96
"hugo_06.09.2022_8_2.csv","undesired",0,0,27,"06.09.2022","hadasa1",8,"hugo",2,"Uriel",2.749,30.27,63.53,881.92,41.96
"hugo_06.09.2022_8_2.csv","desired",27,1,27,"06.09.2022","hadasa1",8,"hugo",2,"Uriel",2.749,30.27,63.53,881.92,41.96
"hugo_11.08.2022_1_1.csv","undesired",30,0.118110236220472,254,"11.08.2022","acre1",1,"hugo",1,"Uriel",0.471,32.27,59.26,476.92,44.32
"hugo_11.08.2022_1_1.csv","neutral",0,0,254,"11.08.2022","acre1",1,"hugo",1,"Uriel",0.471,32.27,59.26,476.92,44.32
"hugo_11.08.2022_1_1.csv","desired",224,0.881889763779528,254,"11.08.2022","acre1",1,"hugo",1,"Uriel",0.471,32.27,59.26,476.92,44.32
"hugo_11.08.2022_1_2.csv","desired",291,0.833810888252149,349,"11.08.2022","acre1",1,"hugo",2,"Uriel",0.697,32.12,58.53,602.41,45.72
"hugo_11.08.2022_1_2.csv","undesired",54,0.154727793696275,349,"11.08.2022","acre1",1,"hugo",2,"Uriel",0.697,32.12,58.53,602.41,45.72
"hugo_11.08.2022_1_2.csv","neutral",4,0.0114613180515759,349,"11.08.2022","acre1",1,"hugo",2,"Uriel",0.697,32.12,58.53,602.41,45.72
"hugo_13.09.2022_4_1.csv","undesired",60,0.165745856353591,362,"13.09.2022","acre1",4,"hugo",1,"Shaked",11.89,31.69,60.39,877.62,52.76
"hugo_13.09.2022_4_1.csv","neutral",0,0,362,"13.09.2022","acre1",4,"hugo",1,"Shaked",11.89,31.69,60.39,877.62,52.76
"hugo_13.09.2022_4_1.csv","desired",302,0.834254143646409,362,"13.09.2022","acre1",4,"hugo",1,"Shaked",11.89,31.69,60.39,877.62,52.76
"hugo_13.09.2022_4_2.csv","undesired",11,0.064327485380117,171,"13.09.2022","acre1",4,"hugo",2,"Shaked",11.96,32.1,59.92,886.9,53.83
"hugo_13.09.2022_4_2.csv","neutral",0,0,171,"13.09.2022","acre1",4,"hugo",2,"Shaked",11.96,32.1,59.92,886.9,53.83
"hugo_13.09.2022_4_2.csv","desired",160,0.935672514619883,171,"13.09.2022","acre1",4,"hugo",2,"Shaked",11.96,32.1,59.92,886.9,53.83
"hugo_13.11.2022_5_1.csv","neutral",0,0,410,"13.11.2022","acre1",5,"hugo",1,"Shaked",0.584,29.4,40.73,612.74,36.87
"hugo_13.11.2022_5_1.csv","undesired",31,0.075609756097561,410,"13.11.2022","acre1",5,"hugo",1,"Shaked",0.584,29.4,40.73,612.74,36.87
"hugo_13.11.2022_5_1.csv","desired",379,0.924390243902439,410,"13.11.2022","acre1",5,"hugo",1,"Shaked",0.584,29.4,40.73,612.74,36.87
"hugo_13.11.2022_5_2.csv","desired",83,0.882978723404255,94,"13.11.2022","acre1",5,"hugo",2,"Shaked",0.607,29.74,39.28,620.63,37.34
"hugo_13.11.2022_5_2.csv","undesired",11,0.117021276595745,94,"13.11.2022","acre1",5,"hugo",2,"Shaked",0.607,29.74,39.28,620.63,37.34
"hugo_13.11.2022_5_2.csv","neutral",0,0,94,"13.11.2022","acre1",5,"hugo",2,"Shaked",0.607,29.74,39.28,620.63,37.34
"hugo_14.09.2022_11_1.csv","undesired",8,0.0588235294117647,136,"14.09.2022","hadasa2",11,"hugo",1,"Sarah",3.599,30.45,51.72,931.36,45.26
"hugo_14.09.2022_11_1.csv","neutral",0,0,136,"14.09.2022","hadasa2",11,"hugo",1,"Sarah",3.599,30.45,51.72,931.36,45.26
"hugo_14.09.2022_11_1.csv","desired",128,0.941176470588235,136,"14.09.2022","hadasa2",11,"hugo",1,"Sarah",3.599,30.45,51.72,931.36,45.26
"hugo_14.09.2022_11_2.csv","desired",51,0.927272727272727,55,"14.09.2022","hadasa1",11,"hugo",2,"Sarah",3.599,30.45,51.72,931.36,45.26
"hugo_14.09.2022_11_2.csv","undesired",1,0.0181818181818182,55,"14.09.2022","hadasa1",11,"hugo",2,"Sarah",3.599,30.45,51.72,931.36,45.26
"hugo_14.09.2022_11_2.csv","neutral",3,0.0545454545454545,55,"14.09.2022","hadasa1",11,"hugo",2,"Sarah",3.599,30.45,51.72,931.36,45.26
"hugo_14.09.2022_5_1.csv","desired",35,1,35,"14.09.2022","hadasa1",5,"hugo",1,"Uriel",3.694,29.56,52.14,886.28,42.54
"hugo_14.09.2022_5_1.csv","undesired",0,0,35,"14.09.2022","hadasa1",5,"hugo",1,"Uriel",3.694,29.56,52.14,886.28,42.54
"hugo_14.09.2022_5_1.csv","neutral",0,0,35,"14.09.2022","hadasa1",5,"hugo",1,"Uriel",3.694,29.56,52.14,886.28,42.54
"hugo_14.09.2022_5_2.csv","undesired",20,0.112359550561798,178,"14.09.2022","hadasa2",5,"hugo",2,"Uriel",3.694,29.56,52.14,886.28,42.54
"hugo_14.09.2022_5_2.csv","desired",151,0.848314606741573,178,"14.09.2022","hadasa2",5,"hugo",2,"Uriel",3.694,29.56,52.14,886.28,42.54
"hugo_14.09.2022_5_2.csv","neutral",7,0.0393258426966292,178,"14.09.2022","hadasa2",5,"hugo",2,"Uriel",3.694,29.56,52.14,886.28,42.54
"hugo_15.08.2022_3_1.csv","undesired",13,0.0666666666666667,195,"15.08.2022","hadasa1",3,"hugo",1,"Uriel",2.212,29.76,59.8,800.67,44.27
"hugo_15.08.2022_3_1.csv","neutral",10,0.0512820512820513,195,"15.08.2022","hadasa1",3,"hugo",1,"Uriel",2.212,29.76,59.8,800.67,44.27
"hugo_15.08.2022_3_1.csv","desired",172,0.882051282051282,195,"15.08.2022","hadasa1",3,"hugo",1,"Uriel",2.212,29.76,59.8,800.67,44.27
"hugo_15.08.2022_3_2.csv","desired",68,1,68,"15.08.2022","hadasa2",3,"hugo",2,"Uriel",1.791,30,59.44,824.69,45.77
"hugo_15.08.2022_3_2.csv","undesired",0,0,68,"15.08.2022","hadasa2",3,"hugo",2,"Uriel",1.791,30,59.44,824.69,45.77
"hugo_15.08.2022_3_2.csv","neutral",0,0,68,"15.08.2022","hadasa2",3,"hugo",2,"Uriel",1.791,30,59.44,824.69,45.77
"hugo_22.08.2022_7_1.csv","desired",151,1,151,"22.08.2022","acre1",7,"hugo",1,"Uriel",0.786,34.14,53.93,649.05,45.97
"hugo_22.08.2022_7_1.csv","neutral",0,0,151,"22.08.2022","acre1",7,"hugo",1,"Uriel",0.786,34.14,53.93,649.05,45.97
"hugo_22.08.2022_7_1.csv","undesired",0,0,151,"22.08.2022","acre1",7,"hugo",1,"Uriel",0.786,34.14,53.93,649.05,45.97
"hugo_22.08.2022_7_2.csv","desired",680,0.855345911949686,795,"22.08.2022","acre1",7,"hugo",2,"Uriel",0.992,34.06,54.46,617.83,45.16
"hugo_22.08.2022_7_2.csv","undesired",115,0.144654088050314,795,"22.08.2022","acre1",7,"hugo",2,"Uriel",0.992,34.06,54.46,617.83,45.16
"hugo_22.08.2022_7_2.csv","neutral",0,0,795,"22.08.2022","acre1",7,"hugo",2,"Uriel",0.992,34.06,54.46,617.83,45.16
"hugo_23.10.2022_2_1.csv","neutral",0,0,96,"23.10.2022","hadasa2",2,"hugo",1,"Uriel",1.832,28.24,43.81,601.99,37.38
"hugo_23.10.2022_2_1.csv","desired",91,0.947916666666667,96,"23.10.2022","hadasa2",2,"hugo",1,"Uriel",1.832,28.24,43.81,601.99,37.38
"hugo_23.10.2022_2_1.csv","undesired",5,0.0520833333333333,96,"23.10.2022","hadasa2",2,"hugo",1,"Uriel",1.832,28.24,43.81,601.99,37.38
"hugo_23.10.2022_2_2.csv","neutral",0,0,89,"23.10.2022","hadasa1",2,"hugo",2,"Uriel",1.23,28.62,42.83,611.26,38.28
"hugo_23.10.2022_2_2.csv","desired",84,0.943820224719101,89,"23.10.2022","hadasa1",2,"hugo",2,"Uriel",1.23,28.62,42.83,611.26,38.28
"hugo_23.10.2022_2_2.csv","undesired",5,0.0561797752808989,89,"23.10.2022","hadasa1",2,"hugo",2,"Uriel",1.23,28.62,42.83,611.26,38.28
"hugo_23.10.2022_8_1.csv","desired",48,1,48,"23.10.2022","hadasa1",8,"hugo",1,"Uriel",1.461,29.81,38.36,715.26,42.66
"hugo_23.10.2022_8_1.csv","undesired",0,0,48,"23.10.2022","hadasa1",8,"hugo",1,"Uriel",1.461,29.81,38.36,715.26,42.66
"hugo_23.10.2022_8_1.csv","neutral",0,0,48,"23.10.2022","hadasa1",8,"hugo",1,"Uriel",1.461,29.81,38.36,715.26,42.66
"hugo_23.10.2022_8_2.csv","desired",86,0.955555555555556,90,"23.10.2022","hadasa2",8,"hugo",2,"Uriel",1.461,29.81,38.36,715.26,42.66
"hugo_23.10.2022_8_2.csv","undesired",4,0.0444444444444444,90,"23.10.2022","hadasa2",8,"hugo",2,"Uriel",1.461,29.81,38.36,715.26,42.66
"hugo_23.10.2022_8_2.csv","neutral",0,0,90,"23.10.2022","hadasa2",8,"hugo",2,"Uriel",1.461,29.81,38.36,715.26,42.66
"hugo_24.08.2022_5_1.csv","desired",103,0.971698113207547,106,"24.08.2022","hadasa2",5,"hugo",1,"Uriel",2.412,29.03,59.11,811.16,42.74
"hugo_24.08.2022_5_1.csv","undesired",3,0.0283018867924528,106,"24.08.2022","hadasa2",5,"hugo",1,"Uriel",2.412,29.03,59.11,811.16,42.74
"hugo_24.08.2022_5_1.csv","neutral",0,0,106,"24.08.2022","hadasa2",5,"hugo",1,"Uriel",2.412,29.03,59.11,811.16,42.74
"hugo_24.08.2022_5_2.csv","desired",40,0.701754385964912,57,"24.08.2022","hadasa1",5,"hugo",2,"Uriel",2.412,29.03,59.11,811.16,42.74
"hugo_24.08.2022_5_2.csv","undesired",12,0.210526315789474,57,"24.08.2022","hadasa1",5,"hugo",2,"Uriel",2.412,29.03,59.11,811.16,42.74
"hugo_24.08.2022_5_2.csv","neutral",5,0.087719298245614,57,"24.08.2022","hadasa1",5,"hugo",2,"Uriel",2.412,29.03,59.11,811.16,42.74
"hugo_30.11.2022_1_1.csv","desired",55,0.982142857142857,56,"30.11.2022","hadasa2",1,"hugo",1,"Uriel",2.745,20.23,73.57,617.02,21.74
"hugo_30.11.2022_1_1.csv","undesired",1,0.0178571428571429,56,"30.11.2022","hadasa2",1,"hugo",1,"Uriel",2.745,20.23,73.57,617.02,21.74
"hugo_30.11.2022_1_1.csv","neutral",0,0,56,"30.11.2022","hadasa2",1,"hugo",1,"Uriel",2.745,20.23,73.57,617.02,21.74
"hugo_30.11.2022_1_2.csv","desired",110,0.92436974789916,119,"30.11.2022","hadasa1",1,"hugo",2,"Uriel",2.585,21,72.01,633.1,22.9
"hugo_30.11.2022_1_2.csv","undesired",9,0.0756302521008403,119,"30.11.2022","hadasa1",1,"hugo",2,"Uriel",2.585,21,72.01,633.1,22.9
"hugo_30.11.2022_1_2.csv","neutral",0,0,119,"30.11.2022","hadasa1",1,"hugo",2,"Uriel",2.585,21,72.01,633.1,22.9
"hugo_30.11.2022_5_1.csv","desired",54,0.981818181818182,55,"30.11.2022","hadasa1",5,"hugo",1,"Uriel",2.509,21.89,69.17,564.47,24.51
"hugo_30.11.2022_5_1.csv","undesired",1,0.0181818181818182,55,"30.11.2022","hadasa1",5,"hugo",1,"Uriel",2.509,21.89,69.17,564.47,24.51
"hugo_30.11.2022_5_1.csv","neutral",0,0,55,"30.11.2022","hadasa1",5,"hugo",1,"Uriel",2.509,21.89,69.17,564.47,24.51
"hugo_30.11.2022_5_2.csv","desired",48,0.979591836734694,49,"30.11.2022","hadasa2",5,"hugo",2,"Uriel",2.331,22.05,67.6,557.77,24.74
"hugo_30.11.2022_5_2.csv","undesired",1,0.0204081632653061,49,"30.11.2022","hadasa2",5,"hugo",2,"Uriel",2.331,22.05,67.6,557.77,24.74
"hugo_30.11.2022_5_2.csv","neutral",0,0,49,"30.11.2022","hadasa2",5,"hugo",2,"Uriel",2.331,22.05,67.6,557.77,24.74
"tochka_02.08.2022_1_1.csv","desired",80,0.479041916167665,167,"02.08.2022","acre1",1,"tochka",1,"Uriel",2.009,28.88,69.81,302.89,34.89
"tochka_02.08.2022_1_1.csv","undesired",69,0.413173652694611,167,"02.08.2022","acre1",1,"tochka",1,"Uriel",2.009,28.88,69.81,302.89,34.89
"tochka_02.08.2022_1_1.csv","neutral",18,0.107784431137725,167,"02.08.2022","acre1",1,"tochka",1,"Uriel",2.009,28.88,69.81,302.89,34.89
"tochka_02.08.2022_1_2.csv","desired",92,1,92,"02.08.2022","acre1",1,"tochka",2,"Uriel",1.211,29.49,67.98,483.42,38.72
"tochka_02.08.2022_1_2.csv","undesired",0,0,92,"02.08.2022","acre1",1,"tochka",2,"Uriel",1.211,29.49,67.98,483.42,38.72
"tochka_02.08.2022_1_2.csv","neutral",0,0,92,"02.08.2022","acre1",1,"tochka",2,"Uriel",1.211,29.49,67.98,483.42,38.72
"tochka_03.11.2022_6_1.csv","undesired",203,0.33115823817292,613,"03.11.2022","acre1",6,"tochka",1,"Shaked",0.749,28.54,54.12,658.07,41.78
"tochka_03.11.2022_6_1.csv","neutral",19,0.0309951060358891,613,"03.11.2022","acre1",6,"tochka",1,"Shaked",0.749,28.54,54.12,658.07,41.78
"tochka_03.11.2022_6_1.csv","desired",391,0.637846655791191,613,"03.11.2022","acre1",6,"tochka",1,"Shaked",0.749,28.54,54.12,658.07,41.78
"tochka_03.11.2022_6_2.csv","neutral",0,0,57,"03.11.2022","acre1",6,"tochka",2,"Shaked",0.833,28.04,55.29,650.83,40.98
"tochka_03.11.2022_6_2.csv","desired",45,0.789473684210526,57,"03.11.2022","acre1",6,"tochka",2,"Shaked",0.833,28.04,55.29,650.83,40.98
"tochka_03.11.2022_6_2.csv","undesired",12,0.210526315789474,57,"03.11.2022","acre1",6,"tochka",2,"Shaked",0.833,28.04,55.29,650.83,40.98
"tochka_13.09.2022_1_1.csv","desired",67,0.985294117647059,68,"13.09.2022","acre1",1,"tochka",1,"Shaked",1.625,30.37,64.12,692.78,46.11
"tochka_13.09.2022_1_1.csv","neutral",0,0,68,"13.09.2022","acre1",1,"tochka",1,"Shaked",1.625,30.37,64.12,692.78,46.11
"tochka_13.09.2022_1_1.csv","undesired",1,0.0147058823529412,68,"13.09.2022","acre1",1,"tochka",1,"Shaked",1.625,30.37,64.12,692.78,46.11
"tochka_13.09.2022_1_2.csv","neutral",49,0.103157894736842,475,"13.09.2022","acre1",1,"tochka",2,"Shaked",1.862,30.26,63.76,721.43,46.43
"tochka_13.09.2022_1_2.csv","desired",384,0.808421052631579,475,"13.09.2022","acre1",1,"tochka",2,"Shaked",1.862,30.26,63.76,721.43,46.43
"tochka_13.09.2022_1_2.csv","undesired",42,0.0884210526315789,475,"13.09.2022","acre1",1,"tochka",2,"Shaked",1.862,30.26,63.76,721.43,46.43
"tochka_13.11.2022_1_1.csv","desired",232,0.599483204134367,387,"13.11.2022","acre1",1,"tochka",1,"Uriel",0.276,26.43,43.02,506.88,31.45
"tochka_13.11.2022_1_1.csv","undesired",155,0.400516795865633,387,"13.11.2022","acre1",1,"tochka",1,"Uriel",0.276,26.43,43.02,506.88,31.45
"tochka_13.11.2022_1_1.csv","neutral",0,0,387,"13.11.2022","acre1",1,"tochka",1,"Uriel",0.276,26.43,43.02,506.88,31.45
"tochka_13.11.2022_1_2.csv","neutral",0,0,263,"13.11.2022","acre1",1,"tochka",2,"Uriel",0.443,28.56,39.07,543.07,32.73
"tochka_13.11.2022_1_2.csv","undesired",109,0.414448669201521,263,"13.11.2022","acre1",1,"tochka",2,"Uriel",0.443,28.56,39.07,543.07,32.73
"tochka_13.11.2022_1_2.csv","desired",154,0.585551330798479,263,"13.11.2022","acre1",1,"tochka",2,"Uriel",0.443,28.56,39.07,543.07,32.73
"tochka_14.09.2022_1_1.csv","desired",55,0.948275862068966,58,"14.09.2022","hadasa1",1,"tochka",1,"Uriel",3.253,29.51,52.02,769.57,40.25
"tochka_14.09.2022_1_1.csv","undesired",3,0.0517241379310345,58,"14.09.2022","hadasa1",1,"tochka",1,"Uriel",3.253,29.51,52.02,769.57,40.25
"tochka_14.09.2022_1_1.csv","neutral",0,0,58,"14.09.2022","hadasa1",1,"tochka",1,"Uriel",3.253,29.51,52.02,769.57,40.25
"tochka_14.09.2022_1_2.csv","neutral",1,0.00531914893617021,188,"14.09.2022","hadasa2",1,"tochka",2,"Uriel",3.39,29.44,51.53,799.18,40.35
"tochka_14.09.2022_1_2.csv","desired",153,0.813829787234043,188,"14.09.2022","hadasa2",1,"tochka",2,"Uriel",3.39,29.44,51.53,799.18,40.35
"tochka_14.09.2022_1_2.csv","undesired",34,0.180851063829787,188,"14.09.2022","hadasa2",1,"tochka",2,"Uriel",3.39,29.44,51.53,799.18,40.35
"tochka_14.09.2022_7_1.csv","desired",107,0.972727272727273,110,"14.09.2022","hadasa2",7,"tochka",1,"Sarah",3.312,30.46,48.77,922.64,44.58
"tochka_14.09.2022_7_1.csv","neutral",0,0,110,"14.09.2022","hadasa2",7,"tochka",1,"Sarah",3.312,30.46,48.77,922.64,44.58
"tochka_14.09.2022_7_1.csv","undesired",3,0.0272727272727273,110,"14.09.2022","hadasa2",7,"tochka",1,"Sarah",3.312,30.46,48.77,922.64,44.58
"tochka_14.09.2022_7_2.csv","neutral",0,0,104,"14.09.2022","hadasa1",7,"tochka",2,"Sarah",3.779,30.32,48.42,927.34,44.23
"tochka_14.09.2022_7_2.csv","desired",101,0.971153846153846,104,"14.09.2022","hadasa1",7,"tochka",2,"Sarah",3.779,30.32,48.42,927.34,44.23
"tochka_14.09.2022_7_2.csv","undesired",3,0.0288461538461538,104,"14.09.2022","hadasa1",7,"tochka",2,"Sarah",3.779,30.32,48.42,927.34,44.23
"tochka_16.11.2022_1_1.csv","neutral",0,0,86,"16.11.2022","hadasa1",1,"tochka",1,"Uriel",2.841,21.62,57.21,345.81,20.8
"tochka_16.11.2022_1_1.csv","undesired",19,0.22093023255814,86,"16.11.2022","hadasa1",1,"tochka",1,"Uriel",2.841,21.62,57.21,345.81,20.8
"tochka_16.11.2022_1_1.csv","desired",67,0.779069767441861,86,"16.11.2022","hadasa1",1,"tochka",1,"Uriel",2.841,21.62,57.21,345.81,20.8
"tochka_16.11.2022_1_2.csv","desired",106,0.828125,128,"16.11.2022","hadasa2",1,"tochka",2,"Uriel",2.723,21.74,58.87,339.4,21.07
"tochka_16.11.2022_1_2.csv","undesired",22,0.171875,128,"16.11.2022","hadasa2",1,"tochka",2,"Uriel",2.723,21.74,58.87,339.4,21.07
"tochka_16.11.2022_1_2.csv","neutral",0,0,128,"16.11.2022","hadasa2",1,"tochka",2,"Uriel",2.723,21.74,58.87,339.4,21.07
"tochka_16.11.2022_5_1.csv","undesired",167,0.350104821802935,477,"16.11.2022","hadasa2",5,"tochka",1,"Uriel",3.012,20.37,64.77,147.33,19.44
"tochka_16.11.2022_5_1.csv","desired",310,0.649895178197065,477,"16.11.2022","hadasa2",5,"tochka",1,"Uriel",3.012,20.37,64.77,147.33,19.44
"tochka_16.11.2022_5_1.csv","neutral",0,0,477,"16.11.2022","hadasa2",5,"tochka",1,"Uriel",3.012,20.37,64.77,147.33,19.44
"tochka_16.11.2022_5_2.csv","neutral",4,0.036036036036036,111,"16.11.2022","hadasa1",5,"tochka",2,"Uriel",3.012,20.37,64.77,147.33,19.44
"tochka_16.11.2022_5_2.csv","undesired",40,0.36036036036036,111,"16.11.2022","hadasa1",5,"tochka",2,"Uriel",3.012,20.37,64.77,147.33,19.44
"tochka_16.11.2022_5_2.csv","desired",67,0.603603603603604,111,"16.11.2022","hadasa1",5,"tochka",2,"Uriel",3.012,20.37,64.77,147.33,19.44
"tochka_22.08.2022_4_1.csv","undesired",357,0.335211267605634,1065,"22.08.2022","acre1",4,"tochka",1,"Uriel",1.663,31.65,62.84,956.69,54.94
"tochka_22.08.2022_4_1.csv","neutral",75,0.0704225352112676,1065,"22.08.2022","acre1",4,"tochka",1,"Uriel",1.663,31.65,62.84,956.69,54.94
"tochka_22.08.2022_4_1.csv","desired",633,0.594366197183099,1065,"22.08.2022","acre1",4,"tochka",1,"Uriel",1.663,31.65,62.84,956.69,54.94
"tochka_22.08.2022_4_2.csv","desired",32,1,32,"22.08.2022","acre1",4,"tochka",2,"Uriel",1.836,31.58,62.41,970.67,54.93
"tochka_22.08.2022_4_2.csv","undesired",0,0,32,"22.08.2022","acre1",4,"tochka",2,"Uriel",1.836,31.58,62.41,970.67,54.93
"tochka_22.08.2022_4_2.csv","neutral",0,0,32,"22.08.2022","acre1",4,"tochka",2,"Uriel",1.836,31.58,62.41,970.67,54.93
"tochka_24.08.2022_1_1.csv","desired",25,0.892857142857143,28,"24.08.2022","hadasa2",1,"tochka",1,"Uriel",1.334,29.08,55.65,493.44,36.91
"tochka_24.08.2022_1_1.csv","neutral",0,0,28,"24.08.2022","hadasa2",1,"tochka",1,"Uriel",1.334,29.08,55.65,493.44,36.91
"tochka_24.08.2022_1_1.csv","undesired",3,0.107142857142857,28,"24.08.2022","hadasa2",1,"tochka",1,"Uriel",1.334,29.08,55.65,493.44,36.91
"tochka_24.08.2022_1_2.csv","desired",219,0.627507163323782,349,"24.08.2022","hadasa1",1,"tochka",2,"Uriel",1.151,29.67,54.26,526.64,38.58
"tochka_24.08.2022_1_2.csv","undesired",90,0.257879656160458,349,"24.08.2022","hadasa1",1,"tochka",2,"Uriel",1.151,29.67,54.26,526.64,38.58
"tochka_24.08.2022_1_2.csv","neutral",40,0.114613180515759,349,"24.08.2022","hadasa1",1,"tochka",2,"Uriel",1.151,29.67,54.26,526.64,38.58
"tochka_24.08.2022_7_1.csv","undesired",11,0.171875,64,"24.08.2022","hadasa1",7,"tochka",1,"Uriel",3.288,29.23,59.71,896.81,43.66
"tochka_24.08.2022_7_1.csv","neutral",0,0,64,"24.08.2022","hadasa1",7,"tochka",1,"Uriel",3.288,29.23,59.71,896.81,43.66
"tochka_24.08.2022_7_1.csv","desired",53,0.828125,64,"24.08.2022","hadasa1",7,"tochka",1,"Uriel",3.288,29.23,59.71,896.81,43.66
"tochka_24.08.2022_7_2.csv","desired",68,0.957746478873239,71,"24.08.2022","hadasa2",7,"tochka",2,"Uriel",3.288,29.23,59.71,896.81,43.66
"tochka_24.08.2022_7_2.csv","neutral",0,0,71,"24.08.2022","hadasa2",7,"tochka",2,"Uriel",3.288,29.23,59.71,896.81,43.66
"tochka_24.08.2022_7_2.csv","undesired",3,0.0422535211267606,71,"24.08.2022","hadasa2",7,"tochka",2,"Uriel",3.288,29.23,59.71,896.81,43.66
"tochka_30.11.2022_4_1.csv","desired",79,0.897727272727273,88,"30.11.2022","hadasa1",4,"tochka",1,"Uriel",2.762,21.46,71.27,566.63,23.56
"tochka_30.11.2022_4_1.csv","undesired",8,0.0909090909090909,88,"30.11.2022","hadasa1",4,"tochka",1,"Uriel",2.762,21.46,71.27,566.63,23.56
"tochka_30.11.2022_4_1.csv","neutral",1,0.0113636363636364,88,"30.11.2022","hadasa1",4,"tochka",1,"Uriel",2.762,21.46,71.27,566.63,23.56
"tochka_30.11.2022_4_2.csv","desired",77,0.950617283950617,81,"30.11.2022","hadasa2",4,"tochka",2,"Uriel",2.762,21.46,71.27,566.63,23.56
"tochka_30.11.2022_4_2.csv","undesired",4,0.0493827160493827,81,"30.11.2022","hadasa2",4,"tochka",2,"Uriel",2.762,21.46,71.27,566.63,23.56
"tochka_30.11.2022_4_2.csv","neutral",0,0,81,"30.11.2022","hadasa2",4,"tochka",2,"Uriel",2.762,21.46,71.27,566.63,23.56
"tochka_30.11.2022_8_1.csv","desired",32,0.96969696969697,33,"30.11.2022","hadasa2",8,"tochka",1,"Uriel",2.33,22.19,67.9,542.89,25.02
"tochka_30.11.2022_8_1.csv","undesired",1,0.0303030303030303,33,"30.11.2022","hadasa2",8,"tochka",1,"Uriel",2.33,22.19,67.9,542.89,25.02
"tochka_30.11.2022_8_1.csv","neutral",0,0,33,"30.11.2022","hadasa2",8,"tochka",1,"Uriel",2.33,22.19,67.9,542.89,25.02
