"sess_name","where","frequency_in_sess","prop","total","date","site","run","dog","sess","handler","speed","temperature","humidity","radiation","ground"
"amigo_22.08.2022_5_1.csv","inside",24,0.292682926829268,82,"22.08.2022","acre1",5,"amigo",1,"Uriel",0.85,34,53.19,758.7,51.32
"amigo_22.08.2022_5_1.csv","out",58,0.707317073170732,82,"22.08.2022","acre1",5,"amigo",1,"Uriel",0.85,34,53.19,758.7,51.32
"amigo_22.08.2022_5_2.csv","inside",131,0.552742616033755,237,"22.08.2022","acre1",5,"amigo",2,"Uriel",0.85,34,53.19,758.7,51.32
"amigo_22.08.2022_5_2.csv","out",106,0.447257383966245,237,"22.08.2022","acre1",5,"amigo",2,"Uriel",0.85,34,53.19,758.7,51.32
"black_02.08.2022_4_1.csv","inside",3,0.0185185185185185,162,"02.08.2022","acre1",4,"black",1,"Uriel",1.812,30.41,66.48,671.98,45.26
"black_02.08.2022_4_1.csv","out",159,0.981481481481482,162,"02.08.2022","acre1",4,"black",1,"Uriel",1.812,30.41,66.48,671.98,45.26
"black_02.08.2022_4_2.csv","inside",12,0.109090909090909,110,"02.08.2022","acre1",4,"black",2,"Uriel",1.812,30.41,66.48,671.98,45.26
"black_02.08.2022_4_2.csv","out",98,0.890909090909091,110,"02.08.2022","acre1",4,"black",2,"Uriel",1.812,30.41,66.48,671.98,45.26
"black_03.11.2022_1_1.csv","inside",322,0.484939759036145,664,"03.11.2022","acre1",1,"black",1,"Shaked",0.489,23.18,67.17,535.37,32.43
"black_03.11.2022_1_1.csv","out",342,0.515060240963855,664,"03.11.2022","acre1",1,"black",1,"Shaked",0.489,23.18,67.17,535.37,32.43
"black_03.11.2022_8_1.csv","inside",0,0,227,"03.11.2022","acre1",8,"black",1,"Uriel",0.623,28.16,53.98,263.16,34.43
"black_03.11.2022_8_1.csv","out",227,1,227,"03.11.2022","acre1",8,"black",1,"Uriel",0.623,28.16,53.98,263.16,34.43
"black_03.11.2022_8_2.csv","out",346,0.884910485933504,391,"03.11.2022","acre1",8,"black",2,"Uriel",0.46,28.26,53.41,222.07,33.74
"black_03.11.2022_8_2.csv","inside",45,0.115089514066496,391,"03.11.2022","acre1",8,"black",2,"Uriel",0.46,28.26,53.41,222.07,33.74
"black_06.09.2022_10_1.csv","inside",11,0.11340206185567,97,"06.09.2022","hadasa2",10,"black",1,"Uriel",2.775,30.65,61.19,874.49,42.74
"black_06.09.2022_10_1.csv","out",86,0.88659793814433,97,"06.09.2022","hadasa2",10,"black",1,"Uriel",2.775,30.65,61.19,874.49,42.74
"black_06.09.2022_10_2.csv","inside",0,0,52,"06.09.2022","hadasa1",10,"black",2,"Uriel",2.859,31.14,59.67,934.51,44.08
"black_06.09.2022_10_2.csv","out",52,1,52,"06.09.2022","hadasa1",10,"black",2,"Uriel",2.859,31.14,59.67,934.51,44.08
"black_06.09.2022_4_1.csv","inside",0,0,48,"06.09.2022","hadasa1",4,"black",1,"Uriel",2.411,29.73,65.28,786.33,40.2
"black_06.09.2022_4_1.csv","out",48,1,48,"06.09.2022","hadasa1",4,"black",1,"Uriel",2.411,29.73,65.28,786.33,40.2
"black_06.09.2022_4_2.csv","out",86,1,86,"06.09.2022","hadasa2",4,"black",2,"Uriel",2.403,29.72,65.93,796.04,41.1
"black_06.09.2022_4_2.csv","inside",0,0,86,"06.09.2022","hadasa2",4,"black",2,"Uriel",2.403,29.72,65.93,796.04,41.1
"black_11.08.2022_4_1.csv","out",390,0.54016620498615,722,"11.08.2022","acre1",4,"black",1,"Uriel",0.532,34.62,54.78,967.05,59.44
"black_11.08.2022_4_1.csv","inside",332,0.45983379501385,722,"11.08.2022","acre1",4,"black",1,"Uriel",0.532,34.62,54.78,967.05,59.44
"black_11.08.2022_4_2.csv","inside",0,0,24,"11.08.2022","acre1",4,"black",2,"Uriel",0.573,35.04,53.87,974.56,60.15
"black_11.08.2022_4_2.csv","out",24,1,24,"11.08.2022","acre1",4,"black",2,"Uriel",0.573,35.04,53.87,974.56,60.15
"black_13.09.2022_6_1.csv","inside",201,0.672240802675585,299,"13.09.2022","acre1",6,"black",1,"Uriel",310.4,34.87,51.1,736.72,51.63
"black_13.09.2022_6_1.csv","out",98,0.327759197324415,299,"13.09.2022","acre1",6,"black",1,"Uriel",310.4,34.87,51.1,736.72,51.63
"black_13.09.2022_6_2.csv","inside",347,0.725941422594142,478,"13.09.2022","acre1",6,"black",2,"Uriel",430.5,34.65,52.33,700.57,49.95
"black_13.09.2022_6_2.csv","out",131,0.274058577405858,478,"13.09.2022","acre1",6,"black",2,"Uriel",430.5,34.65,52.33,700.57,49.95
"black_13.11.2022_4_1.csv","inside",0,0,60,"13.11.2022","acre1",4,"black",1,"Shaked",0.642,29.43,39.95,602.19,35.69
"black_13.11.2022_4_1.csv","out",60,1,60,"13.11.2022","acre1",4,"black",1,"Shaked",0.642,29.43,39.95,602.19,35.69
"black_13.11.2022_4_2.csv","inside",828,0.721254355400697,1148,"13.11.2022","acre1",4,"black",2,"Shaked",0.895,28.56,41.78,614.46,35.84
"black_13.11.2022_4_2.csv","out",320,0.278745644599303,1148,"13.11.2022","acre1",4,"black",2,"Shaked",0.895,28.56,41.78,614.46,35.84
"black_22.08.2022_6_1.csv","inside",517,0.864548494983278,598,"22.08.2022","acre1",6,"black",1,"Uriel",0.774,34.42,52.84,713.77,46.4
"black_22.08.2022_6_1.csv","out",81,0.135451505016722,598,"22.08.2022","acre1",6,"black",1,"Uriel",0.774,34.42,52.84,713.77,46.4
"black_22.08.2022_6_2.csv","inside",6,0.285714285714286,21,"22.08.2022","acre1",6,"black",2,"Uriel",1.015,34.17,53.44,683.83,45.95
"black_22.08.2022_6_2.csv","out",15,0.714285714285714,21,"22.08.2022","acre1",6,"black",2,"Uriel",1.015,34.17,53.44,683.83,45.95
"black_23.10.2022_10_1.csv","out",51,0.894736842105263,57,"23.10.2022","hadasa1",10,"black",1,"Uriel",2.328,27.69,55.42,681.45,39.55
"black_23.10.2022_10_1.csv","inside",6,0.105263157894737,57,"23.10.2022","hadasa1",10,"black",1,"Uriel",2.328,27.69,55.42,681.45,39.55
"black_23.10.2022_10_2.csv","inside",0,0,87,"23.10.2022","hadasa2",10,"black",2,"Uriel",2.328,27.69,55.42,681.45,39.55
"black_23.10.2022_10_2.csv","out",87,1,87,"23.10.2022","hadasa2",10,"black",2,"Uriel",2.328,27.69,55.42,681.45,39.55
"black_23.10.2022_4_1.csv","inside",0,0,9,"23.10.2022","hadasa2",4,"black",1,"Uriel",1.741,28.79,42.34,644.66,39.77
"black_23.10.2022_4_1.csv","out",9,1,9,"23.10.2022","hadasa2",4,"black",1,"Uriel",1.741,28.79,42.34,644.66,39.77
"black_23.10.2022_4_2.csv","out",115,1,115,"23.10.2022","hadasa1",4,"black",2,"Uriel",1.741,28.79,42.34,644.66,39.77
"black_23.10.2022_4_2.csv","inside",0,0,115,"23.10.2022","hadasa1",4,"black",2,"Uriel",1.741,28.79,42.34,644.66,39.77
"black_24.08.2022_3_1.csv","out",59,1,59,"24.08.2022","hadasa2",3,"black",1,"Uriel",1.864,29.16,57.38,628.64,39.96
"black_24.08.2022_3_1.csv","inside",0,0,59,"24.08.2022","hadasa2",3,"black",1,"Uriel",1.864,29.16,57.38,628.64,39.96
"black_24.08.2022_3_2.csv","inside",0,0,68,"24.08.2022","hadasa1",3,"black",2,"Uriel",1.904,28.97,58.68,667.07,40.37
"black_24.08.2022_3_2.csv","out",68,1,68,"24.08.2022","hadasa1",3,"black",2,"Uriel",1.904,28.97,58.68,667.07,40.37
"black_24.08.2022_9_1.csv","inside",6,0.0638297872340425,94,"24.08.2022","hadasa1",9,"black",1,"Uriel",3.665,29.42,60,953.4,44.35
"black_24.08.2022_9_1.csv","out",88,0.936170212765957,94,"24.08.2022","hadasa1",9,"black",1,"Uriel",3.665,29.42,60,953.4,44.35
"black_24.08.2022_9_2.csv","inside",0,0,39,"24.08.2022","hadasa2",9,"black",2,"Uriel",3.665,29.42,60,953.4,44.35
"black_24.08.2022_9_2.csv","out",39,1,39,"24.08.2022","hadasa2",9,"black",2,"Uriel",3.665,29.42,60,953.4,44.35
"black_30.11.2022_2_1.csv","inside",0,0,28,"30.11.2022","hadasa1",2,"black",1,"Uriel",3.064,21.29,71.75,628.49,23.07
"black_30.11.2022_2_1.csv","out",28,1,28,"30.11.2022","hadasa1",2,"black",1,"Uriel",3.064,21.29,71.75,628.49,23.07
"black_30.11.2022_2_2.csv","inside",0,0,36,"30.11.2022","hadasa2",2,"black",2,"Uriel",3.064,21.29,71.75,628.49,23.07
"black_30.11.2022_2_2.csv","out",36,1,36,"30.11.2022","hadasa2",2,"black",2,"Uriel",3.064,21.29,71.75,628.49,23.07
"black_30.11.2022_6_1.csv","inside",0,0,82,"30.11.2022","hadasa2",6,"black",1,"Uriel",2.331,22.05,67.6,557.77,24.74
"black_30.11.2022_6_1.csv","out",82,1,82,"30.11.2022","hadasa2",6,"black",1,"Uriel",2.331,22.05,67.6,557.77,24.74
"black_30.11.2022_6_2.csv","inside",0,0,26,"30.11.2022","hadasa1",6,"black",2,"Uriel",2.331,22.05,67.6,557.77,24.74
"black_30.11.2022_6_2.csv","out",26,1,26,"30.11.2022","hadasa1",6,"black",2,"Uriel",2.331,22.05,67.6,557.77,24.74
"choco_03.11.2022_3_1.csv","inside",17,0.080952380952381,210,"03.11.2022","acre1",3,"choco",1,"Shaked",0.818,26.17,58.22,649.71,37.31
"choco_03.11.2022_3_1.csv","out",193,0.919047619047619,210,"03.11.2022","acre1",3,"choco",1,"Shaked",0.818,26.17,58.22,649.71,37.31
"choco_03.11.2022_3_2.csv","out",1033,0.742097701149425,1392,"03.11.2022","acre1",3,"choco",2,"Shaked",0.974,26.15,57.63,668.56,38.67
"choco_03.11.2022_3_2.csv","inside",359,0.257902298850575,1392,"03.11.2022","acre1",3,"choco",2,"Shaked",0.974,26.15,57.63,668.56,38.67
"choco_06.09.2022_1_1.csv","inside",0,0,76,"06.09.2022","hadasa1",1,"choco",1,"Uriel",2.3,29.45,65.71,681.53,38.58
"choco_06.09.2022_1_1.csv","out",76,1,76,"06.09.2022","hadasa1",1,"choco",1,"Uriel",2.3,29.45,65.71,681.53,38.58
"choco_06.09.2022_1_2.csv","out",80,1,80,"06.09.2022","hadasa2",1,"choco",2,"Uriel",2.3,29.45,65.71,681.53,38.58
"choco_06.09.2022_1_2.csv","inside",0,0,80,"06.09.2022","hadasa2",1,"choco",2,"Uriel",2.3,29.45,65.71,681.53,38.58
"choco_06.09.2022_7_1.csv","out",67,1,67,"06.09.2022","hadasa1",7,"choco",1,"Uriel",2.709,29.71,65.99,796.78,39.94
"choco_06.09.2022_7_1.csv","inside",0,0,67,"06.09.2022","hadasa1",7,"choco",1,"Uriel",2.709,29.71,65.99,796.78,39.94
"choco_06.09.2022_7_2.csv","inside",0,0,110,"06.09.2022","hadasa2",7,"choco",2,"Uriel",2.709,29.71,65.99,796.78,39.94
"choco_06.09.2022_7_2.csv","out",110,1,110,"06.09.2022","hadasa2",7,"choco",2,"Uriel",2.709,29.71,65.99,796.78,39.94
"choco_11.08.2022_2_1.csv","inside",13,0.565217391304348,23,"11.08.2022","acre1",2,"choco",1,"Uriel",0.818,31.74,60.94,636.74,47.33
"choco_11.08.2022_2_1.csv","out",10,0.434782608695652,23,"11.08.2022","acre1",2,"choco",1,"Uriel",0.818,31.74,60.94,636.74,47.33
"choco_11.08.2022_2_2.csv","out",56,0.325581395348837,172,"11.08.2022","acre1",2,"choco",2,"Uriel",1.04,31.44,61.02,672.51,48.33
"choco_11.08.2022_2_2.csv","inside",116,0.674418604651163,172,"11.08.2022","acre1",2,"choco",2,"Uriel",1.04,31.44,61.02,672.51,48.33
"choco_13.09.2022_7_1.csv","out",445,0.454081632653061,980,"13.09.2022","acre1",7,"choco",1,"Uriel",400.4,33.75,54.68,520.75,45.81
"choco_13.09.2022_7_1.csv","inside",535,0.545918367346939,980,"13.09.2022","acre1",7,"choco",1,"Uriel",400.4,33.75,54.68,520.75,45.81
"choco_13.09.2022_7_2.csv","inside",30,0.46875,64,"13.09.2022","acre1",7,"choco",2,"Uriel",420.4,33.4,55.39,482.23,43.74
"choco_13.09.2022_7_2.csv","out",34,0.53125,64,"13.09.2022","acre1",7,"choco",2,"Uriel",420.4,33.4,55.39,482.23,43.74
"choco_13.11.2022_7_1.csv","inside",0,0,217,"13.11.2022","acre1",7,"choco",1,"Shaked",0.488,30.01,42.75,344.27,34.9
"choco_13.11.2022_7_1.csv","out",217,1,217,"13.11.2022","acre1",7,"choco",1,"Shaked",0.488,30.01,42.75,344.27,34.9
"choco_13.11.2022_7_2.csv","out",748,0.830188679245283,901,"13.11.2022","acre1",7,"choco",2,"Shaked",0.664,29.26,43.77,312.5,34.14
"choco_13.11.2022_7_2.csv","inside",153,0.169811320754717,901,"13.11.2022","acre1",7,"choco",2,"Shaked",0.664,29.26,43.77,312.5,34.14
"choco_14.09.2022_12_1.csv","out",32,1,32,"14.09.2022","hadasa2",12,"choco",1,"Sarah",13.47,30.2,52.84,721.69,42.28
"choco_14.09.2022_12_1.csv","inside",0,0,32,"14.09.2022","hadasa2",12,"choco",1,"Sarah",13.47,30.2,52.84,721.69,42.28
"choco_14.09.2022_12_2.csv","inside",17,0.0207570207570208,819,"14.09.2022","hadasa1",12,"choco",2,"Sarah",92.9,31.01,49.81,898.13,44.74
"choco_14.09.2022_12_2.csv","out",802,0.979242979242979,819,"14.09.2022","hadasa1",12,"choco",2,"Sarah",92.9,31.01,49.81,898.13,44.74
"choco_15.08.2022_4_1.csv","out",159,1,159,"15.08.2022","hadasa2",4,"choco",1,"Uriel",2.369,29.65,60.87,847.98,45.58
"choco_15.08.2022_4_1.csv","inside",0,0,159,"15.08.2022","hadasa2",4,"choco",1,"Uriel",2.369,29.65,60.87,847.98,45.58
"choco_15.08.2022_4_2.csv","inside",0,0,332,"15.08.2022","hadasa1",4,"choco",2,"Uriel",2.376,30.12,59.85,867.67,46.18
"choco_15.08.2022_4_2.csv","out",332,1,332,"15.08.2022","hadasa1",4,"choco",2,"Uriel",2.376,30.12,59.85,867.67,46.18
"choco_16.11.2022_4_1.csv","out",100,1,100,"16.11.2022","hadasa2",4,"choco",1,"Uriel",4.425,21.09,65.6,135.81,19.52
"choco_16.11.2022_4_1.csv","inside",0,0,100,"16.11.2022","hadasa2",4,"choco",1,"Uriel",4.425,21.09,65.6,135.81,19.52
"choco_16.11.2022_4_2.csv","inside",0,0,70,"16.11.2022","hadasa1",4,"choco",2,"Uriel",5.213,20.35,67.18,193.57,19.43
"choco_16.11.2022_4_2.csv","out",70,1,70,"16.11.2022","hadasa1",4,"choco",2,"Uriel",5.213,20.35,67.18,193.57,19.43
"choco_16.11.2022_8_1.csv","inside",0,0,139,"16.11.2022","hadasa1",8,"choco",1,"Uriel",2.752,22.05,62.14,581.87,23.54
"choco_16.11.2022_8_1.csv","out",139,1,139,"16.11.2022","hadasa1",8,"choco",1,"Uriel",2.752,22.05,62.14,581.87,23.54
"choco_16.11.2022_8_2.csv","inside",0,0,67,"16.11.2022","hadasa2",8,"choco",2,"Uriel",2.752,22.05,62.14,581.87,23.54
"choco_16.11.2022_8_2.csv","out",67,1,67,"16.11.2022","hadasa2",8,"choco",2,"Uriel",2.752,22.05,62.14,581.87,23.54
"choco_22.08.2022_1_1.csv","out",16,0.470588235294118,34,"22.08.2022","acre1",1,"choco",1,"Uriel",21.34,28.08,70.29,484.73,38.64
"choco_22.08.2022_1_1.csv","inside",18,0.529411764705882,34,"22.08.2022","acre1",1,"choco",1,"Uriel",21.34,28.08,70.29,484.73,38.64
"choco_22.08.2022_1_2.csv","inside",59,0.52212389380531,113,"22.08.2022","acre1",1,"choco",2,"Uriel",1.259,29.29,66.78,691.26,44.45
"choco_22.08.2022_1_2.csv","out",54,0.47787610619469,113,"22.08.2022","acre1",1,"choco",2,"Uriel",1.259,29.29,66.78,691.26,44.45
"choco_23.10.2022_1_1.csv","inside",0,0,130,"23.10.2022","hadasa1",1,"choco",1,"Uriel",1.847,27.97,44.43,587.34,36.84
"choco_23.10.2022_1_1.csv","out",130,1,130,"23.10.2022","hadasa1",1,"choco",1,"Uriel",1.847,27.97,44.43,587.34,36.84
"choco_23.10.2022_7_1.csv","inside",0,0,32,"23.10.2022","hadasa2",7,"choco",1,"Uriel",2.845,29.32,39.54,697.81,40.96
"choco_23.10.2022_7_1.csv","out",32,1,32,"23.10.2022","hadasa2",7,"choco",1,"Uriel",2.845,29.32,39.54,697.81,40.96
"choco_23.10.2022_7_2.csv","inside",0,0,19,"23.10.2022","hadasa1",7,"choco",2,"Uriel",2.845,29.32,39.54,697.81,40.96
"choco_23.10.2022_7_2.csv","out",19,1,19,"23.10.2022","hadasa1",7,"choco",2,"Uriel",2.845,29.32,39.54,697.81,40.96
"choco_24.08.2022_6_2.csv","out",216,1,216,"24.08.2022","hadasa2",6,"choco",2,"Uriel",3.078,29.06,59.13,854.41,42.92
"choco_24.08.2022_6_2.csv","inside",0,0,216,"24.08.2022","hadasa2",6,"choco",2,"Uriel",3.078,29.06,59.13,854.41,42.92
"chuck_02.08.2022_3_1.csv","inside",79,0.533783783783784,148,"02.08.2022","acre1",3,"chuck",1,"Uriel",1.827,30.26,66.89,677.56,44.84
"chuck_02.08.2022_3_1.csv","out",69,0.466216216216216,148,"02.08.2022","acre1",3,"chuck",1,"Uriel",1.827,30.26,66.89,677.56,44.84
"chuck_02.08.2022_3_2.csv","inside",59,0.855072463768116,69,"02.08.2022","acre1",3,"chuck",2,"Uriel",1.827,30.26,66.89,677.56,44.84
"chuck_02.08.2022_3_2.csv","out",10,0.144927536231884,69,"02.08.2022","acre1",3,"chuck",2,"Uriel",1.827,30.26,66.89,677.56,44.84
"chuck_03.11.2022_7_1.csv","inside",0,0,154,"03.11.2022","acre1",7,"chuck",1,"Uriel",0.745,29.47,50.9,317.34,36.09
"chuck_03.11.2022_7_1.csv","out",154,1,154,"03.11.2022","acre1",7,"chuck",1,"Uriel",0.745,29.47,50.9,317.34,36.09
"chuck_03.11.2022_7_2.csv","inside",0,0,191,"03.11.2022","acre1",7,"chuck",2,"Uriel",0.697,28.35,53.35,325.54,35.08
"chuck_03.11.2022_7_2.csv","out",191,1,191,"03.11.2022","acre1",7,"chuck",2,"Uriel",0.697,28.35,53.35,325.54,35.08
"chuck_06.09.2022_11_1.csv","inside",0,0,32,"06.09.2022","hadasa1",11,"chuck",1,"Uriel",2.859,31.14,59.67,934.51,44.08
"chuck_06.09.2022_11_1.csv","out",32,1,32,"06.09.2022","hadasa1",11,"chuck",1,"Uriel",2.859,31.14,59.67,934.51,44.08
"chuck_06.09.2022_11_2.csv","out",153,1,153,"06.09.2022","hadasa2",11,"chuck",2,"Uriel",2.591,31.11,60.36,929.45,44.09
"chuck_06.09.2022_11_2.csv","inside",0,0,153,"06.09.2022","hadasa2",11,"chuck",2,"Uriel",2.591,31.11,60.36,929.45,44.09
"chuck_06.09.2022_5_1.csv","inside",0,0,106,"06.09.2022","hadasa2",5,"chuck",1,"Uriel",2.503,30.03,65.36,816.23,42
"chuck_06.09.2022_5_1.csv","out",106,1,106,"06.09.2022","hadasa2",5,"chuck",1,"Uriel",2.503,30.03,65.36,816.23,42
"chuck_06.09.2022_5_2.csv","out",233,0.970833333333333,240,"06.09.2022","hadasa1",5,"chuck",2,"Uriel",2.503,30.03,65.36,816.23,42
"chuck_06.09.2022_5_2.csv","inside",7,0.0291666666666667,240,"06.09.2022","hadasa1",5,"chuck",2,"Uriel",2.503,30.03,65.36,816.23,42
"chuck_11.08.2022_5_1.csv","out",9,0.0288461538461538,312,"11.08.2022","acre1",5,"chuck",1,"Uriel",0.677,35.23,52.84,950.28,59.79
"chuck_11.08.2022_5_1.csv","inside",303,0.971153846153846,312,"11.08.2022","acre1",5,"chuck",1,"Uriel",0.677,35.23,52.84,950.28,59.79
"chuck_11.08.2022_5_2.csv","inside",12,0.222222222222222,54,"11.08.2022","acre1",5,"chuck",2,"Uriel",0.677,35.23,52.84,950.28,59.79
"chuck_11.08.2022_5_2.csv","out",42,0.777777777777778,54,"11.08.2022","acre1",5,"chuck",2,"Uriel",0.677,35.23,52.84,950.28,59.79
"chuck_13.09.2022_2_1.csv","inside",416,0.760511882998172,547,"13.09.2022","acre1",2,"chuck",1,"Shaked",1.897,30.77,63.27,775.64,48.82
"chuck_13.09.2022_2_1.csv","out",131,0.239488117001828,547,"13.09.2022","acre1",2,"chuck",1,"Shaked",1.897,30.77,63.27,775.64,48.82
"chuck_13.09.2022_2_2.csv","inside",50,0.588235294117647,85,"13.09.2022","acre1",2,"chuck",2,"Shaked",2.068,30.82,63.47,793.56,48.99
"chuck_13.09.2022_2_2.csv","out",35,0.411764705882353,85,"13.09.2022","acre1",2,"chuck",2,"Shaked",2.068,30.82,63.47,793.56,48.99
"chuck_13.11.2022_3_1.csv","inside",0,0,145,"13.11.2022","acre1",3,"chuck",1,"Uriel",0.41,29.33,40.15,587.59,34.66
"chuck_13.11.2022_3_1.csv","out",145,1,145,"13.11.2022","acre1",3,"chuck",1,"Uriel",0.41,29.33,40.15,587.59,34.66
"chuck_14.09.2022_3_1.csv","out",11,0.916666666666667,12,"14.09.2022","hadasa1",3,"chuck",1,"Uriel",3.254,29.76,52.29,830.87,41.78
"chuck_14.09.2022_3_1.csv","inside",1,0.0833333333333333,12,"14.09.2022","hadasa1",3,"chuck",1,"Uriel",3.254,29.76,52.29,830.87,41.78
"chuck_14.09.2022_3_2.csv","inside",3,0.0198675496688742,151,"14.09.2022","hadasa2",3,"chuck",2,"Uriel",3.254,29.76,52.29,830.87,41.78
"chuck_14.09.2022_3_2.csv","out",148,0.980132450331126,151,"14.09.2022","hadasa2",3,"chuck",2,"Uriel",3.254,29.76,52.29,830.87,41.78
"chuck_14.09.2022_9_1.csv","inside",0,0,34,"14.09.2022","hadasa2",9,"chuck",1,"Sarah",3.525,30.46,50.58,920.73,44.86
"chuck_14.09.2022_9_1.csv","out",34,1,34,"14.09.2022","hadasa2",9,"chuck",1,"Sarah",3.525,30.46,50.58,920.73,44.86
"chuck_14.09.2022_9_2.csv","out",75,1,75,"14.09.2022","hadasa1",9,"chuck",2,"Sarah",3.525,30.46,50.58,920.73,44.86
"chuck_14.09.2022_9_2.csv","inside",0,0,75,"14.09.2022","hadasa1",9,"chuck",2,"Sarah",3.525,30.46,50.58,920.73,44.86
"chuck_22.08.2022_8_1.csv","inside",327,0.613508442776735,533,"22.08.2022","acre1",8,"chuck",1,"Uriel",0.783,33.78,55.14,549.59,44.79
"chuck_22.08.2022_8_1.csv","out",206,0.386491557223265,533,"22.08.2022","acre1",8,"chuck",1,"Uriel",0.783,33.78,55.14,549.59,44.79
"chuck_22.08.2022_8_2.csv","inside",276,0.490230905861456,563,"22.08.2022","acre1",8,"chuck",2,"Uriel",0.666,33.2,55.87,392.32,43.16
"chuck_22.08.2022_8_2.csv","out",287,0.509769094138544,563,"22.08.2022","acre1",8,"chuck",2,"Uriel",0.666,33.2,55.87,392.32,43.16
"chuck_23.10.2022_11_1.csv","inside",0,0,47,"23.10.2022","hadasa1",11,"chuck",1,"Nina",2.327,27.85,54.28,664.08,39.37
"chuck_23.10.2022_11_1.csv","out",47,1,47,"23.10.2022","hadasa1",11,"chuck",1,"Nina",2.327,27.85,54.28,664.08,39.37
"chuck_23.10.2022_11_2.csv","inside",0,0,58,"23.10.2022","hadasa2",11,"chuck",2,"Nina",2.327,27.85,54.28,664.08,39.37
"chuck_23.10.2022_11_2.csv","out",58,1,58,"23.10.2022","hadasa2",11,"chuck",2,"Nina",2.327,27.85,54.28,664.08,39.37
"chuck_23.10.2022_5_1.csv","inside",0,0,309,"23.10.2022","hadasa1",5,"chuck",1,"Uriel",2.465,28.91,41.67,673.54,39.88
"chuck_23.10.2022_5_1.csv","out",309,1,309,"23.10.2022","hadasa1",5,"chuck",1,"Uriel",2.465,28.91,41.67,673.54,39.88
"chuck_23.10.2022_5_2.csv","out",21,1,21,"23.10.2022","hadasa2",5,"chuck",2,"Uriel",3.307,28.88,41.09,683.33,39.78
"chuck_23.10.2022_5_2.csv","inside",0,0,21,"23.10.2022","hadasa2",5,"chuck",2,"Uriel",3.307,28.88,41.09,683.33,39.78
"chuck_24.08.2022_2_1.csv","inside",0,0,346,"24.08.2022","hadasa1",2,"chuck",1,"Uriel",1.185,29.87,54.31,551.36,39.06
"chuck_24.08.2022_2_1.csv","out",346,1,346,"24.08.2022","hadasa1",2,"chuck",1,"Uriel",1.185,29.87,54.31,551.36,39.06
"chuck_24.08.2022_8_1.csv","inside",0,0,209,"24.08.2022","hadasa2",8,"chuck",1,"Uriel",3.425,29.2,60.07,915.01,43.81
"chuck_24.08.2022_8_1.csv","out",209,1,209,"24.08.2022","hadasa2",8,"chuck",1,"Uriel",3.425,29.2,60.07,915.01,43.81
"chuck_24.08.2022_8_2.csv","inside",0,NA,0,"24.08.2022","hadasa1",8,"chuck",2,"Uriel",3.016,29.73,58.83,943.25,44.99
"chuck_24.08.2022_8_2.csv","out",1,Inf,0,"24.08.2022","hadasa1",8,"chuck",2,"Uriel",3.016,29.73,58.83,943.25,44.99
"chuck_30.11.2022_3_1.csv","inside",0,0,80,"30.11.2022","hadasa2",3,"chuck",1,"Uriel",2.802,21.27,71.27,589.13,23.23
"chuck_30.11.2022_3_1.csv","out",80,1,80,"30.11.2022","hadasa2",3,"chuck",1,"Uriel",2.802,21.27,71.27,589.13,23.23
"chuck_30.11.2022_3_2.csv","inside",0,0,39,"30.11.2022","hadasa1",3,"chuck",2,"Uriel",2.802,21.27,71.27,589.13,23.23
"chuck_30.11.2022_3_2.csv","out",39,1,39,"30.11.2022","hadasa1",3,"chuck",2,"Uriel",2.802,21.27,71.27,589.13,23.23
"chuck_30.11.2022_7_1.csv","inside",0,0,37,"30.11.2022","hadasa1",7,"chuck",1,"Uriel",2.494,22.06,66.89,545.83,24.76
"chuck_30.11.2022_7_1.csv","out",37,1,37,"30.11.2022","hadasa1",7,"chuck",1,"Uriel",2.494,22.06,66.89,545.83,24.76
"chuck_30.11.2022_7_2.csv","inside",0,0,51,"30.11.2022","hadasa2",7,"chuck",2,"Uriel",2.494,22.06,66.89,545.83,24.76
"chuck_30.11.2022_7_2.csv","out",51,1,51,"30.11.2022","hadasa2",7,"chuck",2,"Uriel",2.494,22.06,66.89,545.83,24.76
"freddy_02.08.2022_5_1.csv","out",519,0.552715654952077,939,"02.08.2022","acre1",5,"freddy",1,"Uriel",2.731,30.14,68.17,736.37,45.67
"freddy_02.08.2022_5_1.csv","inside",420,0.447284345047923,939,"02.08.2022","acre1",5,"freddy",1,"Uriel",2.731,30.14,68.17,736.37,45.67
"freddy_03.11.2022_2_1.csv","out",154,1,154,"03.11.2022","acre1",2,"freddy",1,"Shaked",0.778,25.8,59.04,606.52,35.65
"freddy_03.11.2022_2_1.csv","inside",0,0,154,"03.11.2022","acre1",2,"freddy",1,"Shaked",0.778,25.8,59.04,606.52,35.65
"freddy_03.11.2022_2_2.csv","inside",20,0.0709219858156028,282,"03.11.2022","acre1",2,"freddy",2,"Shaked",0.701,26.08,58.47,622.42,36.47
"freddy_03.11.2022_2_2.csv","out",262,0.929078014184397,282,"03.11.2022","acre1",2,"freddy",2,"Shaked",0.701,26.08,58.47,622.42,36.47
"freddy_06.09.2022_3_1.csv","inside",0,0,35,"06.09.2022","hadasa2",3,"freddy",1,"Uriel",2.669,29.55,65.9,624.66,38.48
"freddy_06.09.2022_3_1.csv","out",35,1,35,"06.09.2022","hadasa2",3,"freddy",1,"Uriel",2.669,29.55,65.9,624.66,38.48
"freddy_06.09.2022_3_2.csv","out",3,0.0170454545454545,176,"06.09.2022","hadasa1",3,"freddy",2,"Uriel",2.669,29.55,65.9,624.66,38.48
"freddy_06.09.2022_3_2.csv","inside",173,0.982954545454545,176,"06.09.2022","hadasa1",3,"freddy",2,"Uriel",2.669,29.55,65.9,624.66,38.48
"freddy_11.08.2022_3_1.csv","inside",1055,0.609826589595376,1730,"11.08.2022","acre1",3,"freddy",1,"Uriel",0.712,32.24,59.9,731.11,50.97
"freddy_11.08.2022_3_1.csv","out",675,0.390173410404624,1730,"11.08.2022","acre1",3,"freddy",1,"Uriel",0.712,32.24,59.9,731.11,50.97
"freddy_13.09.2022_3_1.csv","inside",77,0.865168539325843,89,"13.09.2022","acre1",3,"freddy",1,"Shaked",2.35,31.09,62.45,841.66,50.78
"freddy_13.09.2022_3_1.csv","out",12,0.134831460674157,89,"13.09.2022","acre1",3,"freddy",1,"Shaked",2.35,31.09,62.45,841.66,50.78
"freddy_13.09.2022_3_2.csv","inside",10,0.147058823529412,68,"13.09.2022","acre1",3,"freddy",2,"Shaked",2.249,31.31,61.41,862.85,51.64
"freddy_13.09.2022_3_2.csv","out",58,0.852941176470588,68,"13.09.2022","acre1",3,"freddy",2,"Shaked",2.249,31.31,61.41,862.85,51.64
"freddy_13.11.2022_6_1.csv","inside",0,0,144,"13.11.2022","acre1",6,"freddy",1,"Shaked",0.427,30.81,38.42,417.99,35.39
"freddy_13.11.2022_6_1.csv","out",144,1,144,"13.11.2022","acre1",6,"freddy",1,"Shaked",0.427,30.81,38.42,417.99,35.39
"freddy_13.11.2022_6_2.csv","out",104,0.759124087591241,137,"13.11.2022","acre1",6,"freddy",2,"Shaked",0.513,30.43,39.5,390.16,35.56
"freddy_13.11.2022_6_2.csv","inside",33,0.240875912408759,137,"13.11.2022","acre1",6,"freddy",2,"Shaked",0.513,30.43,39.5,390.16,35.56
"freddy_14.09.2022_10_1.csv","inside",28,0.269230769230769,104,"14.09.2022","hadasa2",10,"freddy",1,"Sarah",2.827,30.87,49.84,936.71,45.63
"freddy_14.09.2022_10_1.csv","out",76,0.730769230769231,104,"14.09.2022","hadasa2",10,"freddy",1,"Sarah",2.827,30.87,49.84,936.71,45.63
"freddy_14.09.2022_10_2.csv","inside",129,0.50390625,256,"14.09.2022","hadasa1",10,"freddy",2,"Sarah",23.51,30.61,50.98,978.76,46.18
"freddy_14.09.2022_10_2.csv","out",127,0.49609375,256,"14.09.2022","hadasa1",10,"freddy",2,"Sarah",23.51,30.61,50.98,978.76,46.18
"freddy_14.09.2022_4_1.csv","out",66,0.725274725274725,91,"14.09.2022","hadasa1",4,"freddy",1,"Uriel",3.255,30.05,52.79,852.85,42.62
"freddy_14.09.2022_4_1.csv","inside",25,0.274725274725275,91,"14.09.2022","hadasa1",4,"freddy",1,"Uriel",3.255,30.05,52.79,852.85,42.62
"freddy_14.09.2022_4_2.csv","inside",0,0,87,"14.09.2022","hadasa2",4,"freddy",2,"Uriel",3.386,30.06,51.43,857.1,42.59
"freddy_14.09.2022_4_2.csv","out",87,1,87,"14.09.2022","hadasa2",4,"freddy",2,"Uriel",3.386,30.06,51.43,857.1,42.59
"freddy_15.08.2022_2_1.csv","out",29,1,29,"15.08.2022","hadasa2",2,"freddy",1,"Uriel",2.569,29.43,59.56,781.1,42.94
"freddy_15.08.2022_2_1.csv","inside",0,0,29,"15.08.2022","hadasa2",2,"freddy",1,"Uriel",2.569,29.43,59.56,781.1,42.94
"freddy_15.08.2022_2_2.csv","inside",38,0.436781609195402,87,"15.08.2022","hadasa1",2,"freddy",2,"Uriel",2.569,29.43,59.56,781.1,42.94
"freddy_15.08.2022_2_2.csv","out",49,0.563218390804598,87,"15.08.2022","hadasa1",2,"freddy",2,"Uriel",2.569,29.43,59.56,781.1,42.94
"freddy_15.08.2022_6_1.csv","inside",0,0,147,"15.08.2022","hadasa2",6,"freddy",1,"Uriel",2.801,29.82,59.98,938.44,46.82
"freddy_15.08.2022_6_1.csv","out",147,1,147,"15.08.2022","hadasa2",6,"freddy",1,"Uriel",2.801,29.82,59.98,938.44,46.82
"freddy_15.08.2022_6_2.csv","inside",167,0.386574074074074,432,"15.08.2022","hadasa1",6,"freddy",2,"Uriel",2.395,29.97,59.73,948.37,48.06
"freddy_15.08.2022_6_2.csv","out",265,0.613425925925926,432,"15.08.2022","hadasa1",6,"freddy",2,"Uriel",2.395,29.97,59.73,948.37,48.06
"freddy_16.11.2022_3_1.csv","out",131,1,131,"16.11.2022","hadasa1",3,"freddy",1,"Uriel",2.465,21.62,62.73,188.72,20.82
"freddy_16.11.2022_3_1.csv","inside",0,0,131,"16.11.2022","hadasa1",3,"freddy",1,"Uriel",2.465,21.62,62.73,188.72,20.82
"freddy_16.11.2022_3_2.csv","inside",0,0,88,"16.11.2022","hadasa2",3,"freddy",2,"Uriel",2.465,21.62,62.73,188.72,20.82
"freddy_16.11.2022_3_2.csv","out",88,1,88,"16.11.2022","hadasa2",3,"freddy",2,"Uriel",2.465,21.62,62.73,188.72,20.82
"freddy_16.11.2022_7_1.csv","inside",0,0,52,"16.11.2022","hadasa2",7,"freddy",1,"Uriel",2.734,21.09,64.4,220.35,20.41
"freddy_16.11.2022_7_1.csv","out",52,1,52,"16.11.2022","hadasa2",7,"freddy",1,"Uriel",2.734,21.09,64.4,220.35,20.41
"freddy_16.11.2022_7_2.csv","out",66,1,66,"16.11.2022","hadasa1",7,"freddy",2,"Uriel",3.179,21.46,62.76,473.03,21.95
"freddy_16.11.2022_7_2.csv","inside",0,0,66,"16.11.2022","hadasa1",7,"freddy",2,"Uriel",3.179,21.46,62.76,473.03,21.95
"freddy_22.08.2022_2_1.csv","out",213,0.307803468208093,692,"22.08.2022","acre1",2,"freddy",1,"Uriel",1.241,29.97,64.16,660.08,45.94
"freddy_22.08.2022_2_1.csv","inside",479,0.692196531791908,692,"22.08.2022","acre1",2,"freddy",1,"Uriel",1.241,29.97,64.16,660.08,45.94
"freddy_22.08.2022_2_2.csv","inside",192,0.563049853372434,341,"22.08.2022","acre1",2,"freddy",2,"Uriel",1.417,30.56,62.44,760.4,48.33
"freddy_22.08.2022_2_2.csv","out",149,0.436950146627566,341,"22.08.2022","acre1",2,"freddy",2,"Uriel",1.417,30.56,62.44,760.4,48.33
"freddy_23.10.2022_3_1.csv","out",66,1,66,"23.10.2022","hadasa1",3,"freddy",1,"Uriel",1.777,28.52,42.67,630.2,38.72
"freddy_23.10.2022_3_1.csv","inside",0,0,66,"23.10.2022","hadasa1",3,"freddy",1,"Uriel",1.777,28.52,42.67,630.2,38.72
"freddy_23.10.2022_3_2.csv","out",24,1,24,"23.10.2022","hadasa2",3,"freddy",2,"Uriel",1.777,28.52,42.67,630.2,38.72
"freddy_23.10.2022_3_2.csv","inside",0,0,24,"23.10.2022","hadasa2",3,"freddy",2,"Uriel",1.777,28.52,42.67,630.2,38.72
"freddy_23.10.2022_9_1.csv","inside",0,0,55,"23.10.2022","hadasa2",9,"freddy",1,"Uriel",1.744,29.87,43.84,664.85,42.35
"freddy_23.10.2022_9_1.csv","out",55,1,55,"23.10.2022","hadasa2",9,"freddy",1,"Uriel",1.744,29.87,43.84,664.85,42.35
"freddy_23.10.2022_9_2.csv","inside",0,0,71,"23.10.2022","hadasa1",9,"freddy",2,"Uriel",3.87,27.44,55.56,710.67,38.03
"freddy_23.10.2022_9_2.csv","out",71,1,71,"23.10.2022","hadasa1",9,"freddy",2,"Uriel",3.87,27.44,55.56,710.67,38.03
"gibor_02.08.2022_2_1.csv","inside",220,0.718954248366013,306,"02.08.2022","acre1",2,"gibor",1,"Uriel",2.017,29.85,68.32,542.12,40.83
"gibor_02.08.2022_2_1.csv","out",86,0.281045751633987,306,"02.08.2022","acre1",2,"gibor",1,"Uriel",2.017,29.85,68.32,542.12,40.83
"gibor_02.08.2022_2_2.csv","inside",332,0.914600550964187,363,"02.08.2022","acre1",2,"gibor",2,"Uriel",2.369,29.58,68.86,577.41,40.78
"gibor_02.08.2022_2_2.csv","out",31,0.0853994490358127,363,"02.08.2022","acre1",2,"gibor",2,"Uriel",2.369,29.58,68.86,577.41,40.78
"gibor_03.11.2022_5_1.csv","out",43,0.934782608695652,46,"03.11.2022","acre1",5,"gibor",1,"Shaked",1.227,26.77,56.24,678.25,39.84
"gibor_03.11.2022_5_1.csv","inside",3,0.0652173913043478,46,"03.11.2022","acre1",5,"gibor",1,"Shaked",1.227,26.77,56.24,678.25,39.84
"gibor_03.11.2022_5_2.csv","out",176,1,176,"03.11.2022","acre1",5,"gibor",2,"Shaked",0.747,27.35,55.26,673.27,41.33
"gibor_03.11.2022_5_2.csv","inside",0,0,176,"03.11.2022","acre1",5,"gibor",2,"Shaked",0.747,27.35,55.26,673.27,41.33
"gibor_06.09.2022_12_1.csv","inside",39,0.180555555555556,216,"06.09.2022","hadasa1",12,"gibor",1,"Uriel",2.81,31.18,60.29,926.01,43.86
"gibor_06.09.2022_12_1.csv","out",177,0.819444444444444,216,"06.09.2022","hadasa1",12,"gibor",1,"Uriel",2.81,31.18,60.29,926.01,43.86
"gibor_06.09.2022_12_2.csv","out",181,1,181,"06.09.2022","hadasa2",12,"gibor",2,"Uriel",2.81,31.18,60.29,926.01,43.86
"gibor_06.09.2022_12_2.csv","inside",0,0,181,"06.09.2022","hadasa2",12,"gibor",2,"Uriel",2.81,31.18,60.29,926.01,43.86
"gibor_06.09.2022_6_1.csv","inside",0,0,93,"06.09.2022","hadasa2",6,"gibor",1,"Uriel",2.351,30.3,64.89,846.3,43.03
"gibor_06.09.2022_6_1.csv","out",93,1,93,"06.09.2022","hadasa2",6,"gibor",1,"Uriel",2.351,30.3,64.89,846.3,43.03
"gibor_06.09.2022_6_2.csv","inside",0,0,50,"06.09.2022","hadasa1",6,"gibor",2,"Uriel",2.351,30.3,64.89,846.3,43.03
"gibor_06.09.2022_6_2.csv","out",50,1,50,"06.09.2022","hadasa1",6,"gibor",2,"Uriel",2.351,30.3,64.89,846.3,43.03
"gibor_13.09.2022_5_1.csv","out",170,0.446194225721785,381,"13.09.2022","acre1",5,"gibor",1,"Uriel",420.6,33.42,53.56,825.3,54.45
"gibor_13.09.2022_5_1.csv","inside",211,0.553805774278215,381,"13.09.2022","acre1",5,"gibor",1,"Uriel",420.6,33.42,53.56,825.3,54.45
"gibor_13.09.2022_5_2.csv","inside",211,0.74822695035461,282,"13.09.2022","acre1",5,"gibor",2,"Uriel",410.4,34.22,51.85,767.48,52.36
"gibor_13.09.2022_5_2.csv","out",71,0.25177304964539,282,"13.09.2022","acre1",5,"gibor",2,"Uriel",410.4,34.22,51.85,767.48,52.36
"gibor_13.11.2022_2_1.csv","out",167,1,167,"13.11.2022","acre1",2,"gibor",1,"Shaked",0.633,28.6,39.59,562.01,33.08
"gibor_13.11.2022_2_1.csv","inside",0,0,167,"13.11.2022","acre1",2,"gibor",1,"Shaked",0.633,28.6,39.59,562.01,33.08
"gibor_13.11.2022_2_2.csv","inside",183,0.463291139240506,395,"13.11.2022","acre1",2,"gibor",2,"Shaked",0.49,28.74,39.5,580.1,33.95
"gibor_13.11.2022_2_2.csv","out",212,0.536708860759494,395,"13.11.2022","acre1",2,"gibor",2,"Shaked",0.49,28.74,39.5,580.1,33.95
"gibor_14.09.2022_2_1.csv","inside",0,0,209,"14.09.2022","hadasa1",2,"gibor",1,"Uriel",3.654,29.36,52.97,809.21,40.59
"gibor_14.09.2022_2_1.csv","out",209,1,209,"14.09.2022","hadasa1",2,"gibor",1,"Uriel",3.654,29.36,52.97,809.21,40.59
"gibor_14.09.2022_2_2.csv","inside",0,0,49,"14.09.2022","hadasa2",2,"gibor",2,"Uriel",3.654,29.36,52.97,809.21,40.59
"gibor_14.09.2022_2_2.csv","out",49,1,49,"14.09.2022","hadasa2",2,"gibor",2,"Uriel",3.654,29.36,52.97,809.21,40.59
"gibor_14.09.2022_8_1.csv","inside",0,0,61,"14.09.2022","hadasa2",8,"gibor",1,"Sarah",3.614,29.96,50.63,924.05,44.3
"gibor_14.09.2022_8_1.csv","out",61,1,61,"14.09.2022","hadasa2",8,"gibor",1,"Sarah",3.614,29.96,50.63,924.05,44.3
"gibor_14.09.2022_8_2.csv","inside",0,0,199,"14.09.2022","hadasa1",8,"gibor",2,"Sarah",3.614,29.96,50.63,924.05,44.3
"gibor_14.09.2022_8_2.csv","out",199,1,199,"14.09.2022","hadasa1",8,"gibor",2,"Sarah",3.614,29.96,50.63,924.05,44.3
"gibor_15.08.2022_1_1.csv","inside",26,0.0935251798561151,278,"15.08.2022","hadasa1",1,"gibor",1,"Uriel",2.129,29.54,61.63,725.08,41.98
"gibor_15.08.2022_1_1.csv","out",252,0.906474820143885,278,"15.08.2022","hadasa1",1,"gibor",1,"Uriel",2.129,29.54,61.63,725.08,41.98
"gibor_15.08.2022_1_2.csv","inside",0,0,108,"15.08.2022","hadasa2",1,"gibor",2,"Uriel",2.529,29.54,60.37,761.46,42.51
"gibor_15.08.2022_1_2.csv","out",108,1,108,"15.08.2022","hadasa2",1,"gibor",2,"Uriel",2.529,29.54,60.37,761.46,42.51
"gibor_15.08.2022_5_1.csv","inside",0,0,197,"15.08.2022","hadasa1",5,"gibor",1,"Uriel",2.74,29.85,61.4,868.34,46.21
"gibor_15.08.2022_5_1.csv","out",197,1,197,"15.08.2022","hadasa1",5,"gibor",1,"Uriel",2.74,29.85,61.4,868.34,46.21
"gibor_15.08.2022_5_2.csv","inside",0,0,37,"15.08.2022","hadasa2",5,"gibor",2,"Uriel",2.74,29.85,61.4,868.34,46.21
"gibor_15.08.2022_5_2.csv","out",37,1,37,"15.08.2022","hadasa2",5,"gibor",2,"Uriel",2.74,29.85,61.4,868.34,46.21
"gibor_16.11.2022_2_1.csv","inside",0,0,44,"16.11.2022","hadasa2",2,"gibor",1,"Uriel",2.723,21.74,58.87,339.4,21.07
"gibor_16.11.2022_2_1.csv","out",44,1,44,"16.11.2022","hadasa2",2,"gibor",1,"Uriel",2.723,21.74,58.87,339.4,21.07
"gibor_16.11.2022_2_2.csv","inside",10,0.15625,64,"16.11.2022","hadasa1",2,"gibor",2,"Uriel",2.972,21.83,61.62,464.83,22.33
"gibor_16.11.2022_2_2.csv","out",54,0.84375,64,"16.11.2022","hadasa1",2,"gibor",2,"Uriel",2.972,21.83,61.62,464.83,22.33
"gibor_16.11.2022_6_1.csv","inside",0,0,62,"16.11.2022","hadasa1",6,"gibor",1,"Uriel",3.041,20.83,64.31,187.24,20
"gibor_16.11.2022_6_1.csv","out",62,1,62,"16.11.2022","hadasa1",6,"gibor",1,"Uriel",3.041,20.83,64.31,187.24,20
"gibor_16.11.2022_6_2.csv","inside",0,0,13,"16.11.2022","hadasa2",6,"gibor",2,"Uriel",3.041,20.83,64.31,187.24,20
"gibor_16.11.2022_6_2.csv","out",13,1,13,"16.11.2022","hadasa2",6,"gibor",2,"Uriel",3.041,20.83,64.31,187.24,20
"gibor_23.10.2022_12_1.csv","inside",0,0,132,"23.10.2022","hadasa1",12,"gibor",1,"Uriel",2.594,27.97,53.26,675,39.31
"gibor_23.10.2022_12_1.csv","out",132,1,132,"23.10.2022","hadasa1",12,"gibor",1,"Uriel",2.594,27.97,53.26,675,39.31
"gibor_23.10.2022_12_2.csv","inside",0,0,28,"23.10.2022","hadasa2",12,"gibor",2,"Uriel",3.226,27.65,54.12,702.47,38.72
"gibor_23.10.2022_12_2.csv","out",28,1,28,"23.10.2022","hadasa2",12,"gibor",2,"Uriel",3.226,27.65,54.12,702.47,38.72
"gibor_23.10.2022_6_1.csv","inside",0,0,36,"23.10.2022","hadasa2",6,"gibor",1,"Uriel",2.874,29.03,40.55,689.34,40.57
"gibor_23.10.2022_6_1.csv","out",36,1,36,"23.10.2022","hadasa2",6,"gibor",1,"Uriel",2.874,29.03,40.55,689.34,40.57
"gibor_23.10.2022_6_2.csv","out",199,1,199,"23.10.2022","hadasa1",6,"gibor",2,"Uriel",2.874,29.03,40.55,689.34,40.57
"gibor_23.10.2022_6_2.csv","inside",0,0,199,"23.10.2022","hadasa1",6,"gibor",2,"Uriel",2.874,29.03,40.55,689.34,40.57
"gibor_27.10.2022_2_1.csv","out",644,1,644,"27.10.2022","acre1",2,"gibor",1,"Shaked",0.534,29.26,51.91,661.89,43.21
"gibor_27.10.2022_2_1.csv","inside",0,0,644,"27.10.2022","acre1",2,"gibor",1,"Shaked",0.534,29.26,51.91,661.89,43.21
"hugo_03.11.2022_4_1.csv","inside",23,0.156462585034014,147,"03.11.2022","acre1",4,"hugo",1,"Shaked",1.132,26.53,56.11,686.87,40.29
"hugo_03.11.2022_4_1.csv","out",124,0.843537414965986,147,"03.11.2022","acre1",4,"hugo",1,"Shaked",1.132,26.53,56.11,686.87,40.29
"hugo_03.11.2022_4_2.csv","inside",0,0,72,"03.11.2022","acre1",4,"hugo",2,"Shaked",0.92,26.92,55.87,685.81,40.74
"hugo_03.11.2022_4_2.csv","out",72,1,72,"03.11.2022","acre1",4,"hugo",2,"Shaked",0.92,26.92,55.87,685.81,40.74
"hugo_06.09.2022_2_1.csv","inside",0,0,204,"06.09.2022","hadasa1",2,"hugo",1,"Uriel",2.51,29.48,65.71,705.17,38.92
"hugo_06.09.2022_2_1.csv","out",204,1,204,"06.09.2022","hadasa1",2,"hugo",1,"Uriel",2.51,29.48,65.71,705.17,38.92
"hugo_06.09.2022_2_2.csv","inside",0,0,24,"06.09.2022","hadasa2",2,"hugo",2,"Uriel",2.343,29.58,65.74,730.44,39.61
"hugo_06.09.2022_2_2.csv","out",24,1,24,"06.09.2022","hadasa2",2,"hugo",2,"Uriel",2.343,29.58,65.74,730.44,39.61
"hugo_06.09.2022_8_1.csv","out",64,1,64,"06.09.2022","hadasa2",8,"hugo",1,"Uriel",2.749,30.27,63.53,881.92,41.96
"hugo_06.09.2022_8_1.csv","inside",0,0,64,"06.09.2022","hadasa2",8,"hugo",1,"Uriel",2.749,30.27,63.53,881.92,41.96
"hugo_06.09.2022_8_2.csv","out",27,1,27,"06.09.2022","hadasa1",8,"hugo",2,"Uriel",2.749,30.27,63.53,881.92,41.96
"hugo_06.09.2022_8_2.csv","inside",0,0,27,"06.09.2022","hadasa1",8,"hugo",2,"Uriel",2.749,30.27,63.53,881.92,41.96
"hugo_11.08.2022_1_1.csv","inside",35,0.137795275590551,254,"11.08.2022","acre1",1,"hugo",1,"Uriel",0.471,32.27,59.26,476.92,44.32
"hugo_11.08.2022_1_1.csv","out",219,0.862204724409449,254,"11.08.2022","acre1",1,"hugo",1,"Uriel",0.471,32.27,59.26,476.92,44.32
"hugo_11.08.2022_1_2.csv","inside",143,0.40974212034384,349,"11.08.2022","acre1",1,"hugo",2,"Uriel",0.697,32.12,58.53,602.41,45.72
"hugo_11.08.2022_1_2.csv","out",206,0.590257879656161,349,"11.08.2022","acre1",1,"hugo",2,"Uriel",0.697,32.12,58.53,602.41,45.72
"hugo_13.09.2022_4_1.csv","inside",237,0.654696132596685,362,"13.09.2022","acre1",4,"hugo",1,"Shaked",11.89,31.69,60.39,877.62,52.76
"hugo_13.09.2022_4_1.csv","out",125,0.345303867403315,362,"13.09.2022","acre1",4,"hugo",1,"Shaked",11.89,31.69,60.39,877.62,52.76
"hugo_13.09.2022_4_2.csv","inside",143,0.83625730994152,171,"13.09.2022","acre1",4,"hugo",2,"Shaked",11.96,32.1,59.92,886.9,53.83
"hugo_13.09.2022_4_2.csv","out",28,0.16374269005848,171,"13.09.2022","acre1",4,"hugo",2,"Shaked",11.96,32.1,59.92,886.9,53.83
"hugo_13.11.2022_5_1.csv","inside",110,0.268292682926829,410,"13.11.2022","acre1",5,"hugo",1,"Shaked",0.584,29.4,40.73,612.74,36.87
"hugo_13.11.2022_5_1.csv","out",300,0.731707317073171,410,"13.11.2022","acre1",5,"hugo",1,"Shaked",0.584,29.4,40.73,612.74,36.87
"hugo_13.11.2022_5_2.csv","out",67,0.712765957446808,94,"13.11.2022","acre1",5,"hugo",2,"Shaked",0.607,29.74,39.28,620.63,37.34
"hugo_13.11.2022_5_2.csv","inside",27,0.287234042553192,94,"13.11.2022","acre1",5,"hugo",2,"Shaked",0.607,29.74,39.28,620.63,37.34
"hugo_14.09.2022_11_1.csv","out",136,1,136,"14.09.2022","hadasa2",11,"hugo",1,"Sarah",3.599,30.45,51.72,931.36,45.26
"hugo_14.09.2022_11_1.csv","inside",0,0,136,"14.09.2022","hadasa2",11,"hugo",1,"Sarah",3.599,30.45,51.72,931.36,45.26
"hugo_14.09.2022_11_2.csv","inside",4,0.0727272727272727,55,"14.09.2022","hadasa1",11,"hugo",2,"Sarah",3.599,30.45,51.72,931.36,45.26
"hugo_14.09.2022_11_2.csv","out",51,0.927272727272727,55,"14.09.2022","hadasa1",11,"hugo",2,"Sarah",3.599,30.45,51.72,931.36,45.26
"hugo_14.09.2022_5_1.csv","out",35,1,35,"14.09.2022","hadasa1",5,"hugo",1,"Uriel",3.694,29.56,52.14,886.28,42.54
"hugo_14.09.2022_5_1.csv","inside",0,0,35,"14.09.2022","hadasa1",5,"hugo",1,"Uriel",3.694,29.56,52.14,886.28,42.54
"hugo_14.09.2022_5_2.csv","inside",0,0,178,"14.09.2022","hadasa2",5,"hugo",2,"Uriel",3.694,29.56,52.14,886.28,42.54
"hugo_14.09.2022_5_2.csv","out",178,1,178,"14.09.2022","hadasa2",5,"hugo",2,"Uriel",3.694,29.56,52.14,886.28,42.54
"hugo_15.08.2022_3_1.csv","out",195,1,195,"15.08.2022","hadasa1",3,"hugo",1,"Uriel",2.212,29.76,59.8,800.67,44.27
"hugo_15.08.2022_3_1.csv","inside",0,0,195,"15.08.2022","hadasa1",3,"hugo",1,"Uriel",2.212,29.76,59.8,800.67,44.27
"hugo_15.08.2022_3_2.csv","inside",0,0,68,"15.08.2022","hadasa2",3,"hugo",2,"Uriel",1.791,30,59.44,824.69,45.77
"hugo_15.08.2022_3_2.csv","out",68,1,68,"15.08.2022","hadasa2",3,"hugo",2,"Uriel",1.791,30,59.44,824.69,45.77
"hugo_22.08.2022_7_1.csv","inside",53,0.350993377483444,151,"22.08.2022","acre1",7,"hugo",1,"Uriel",0.786,34.14,53.93,649.05,45.97
"hugo_22.08.2022_7_1.csv","out",98,0.649006622516556,151,"22.08.2022","acre1",7,"hugo",1,"Uriel",0.786,34.14,53.93,649.05,45.97
"hugo_22.08.2022_7_2.csv","out",266,0.334591194968553,795,"22.08.2022","acre1",7,"hugo",2,"Uriel",0.992,34.06,54.46,617.83,45.16
"hugo_22.08.2022_7_2.csv","inside",529,0.665408805031447,795,"22.08.2022","acre1",7,"hugo",2,"Uriel",0.992,34.06,54.46,617.83,45.16
"hugo_23.10.2022_2_1.csv","inside",0,0,96,"23.10.2022","hadasa2",2,"hugo",1,"Uriel",1.832,28.24,43.81,601.99,37.38
"hugo_23.10.2022_2_1.csv","out",96,1,96,"23.10.2022","hadasa2",2,"hugo",1,"Uriel",1.832,28.24,43.81,601.99,37.38
"hugo_23.10.2022_2_2.csv","inside",0,0,89,"23.10.2022","hadasa1",2,"hugo",2,"Uriel",1.23,28.62,42.83,611.26,38.28
"hugo_23.10.2022_2_2.csv","out",89,1,89,"23.10.2022","hadasa1",2,"hugo",2,"Uriel",1.23,28.62,42.83,611.26,38.28
"hugo_23.10.2022_8_1.csv","inside",0,0,48,"23.10.2022","hadasa1",8,"hugo",1,"Uriel",1.461,29.81,38.36,715.26,42.66
"hugo_23.10.2022_8_1.csv","out",48,1,48,"23.10.2022","hadasa1",8,"hugo",1,"Uriel",1.461,29.81,38.36,715.26,42.66
"hugo_23.10.2022_8_2.csv","inside",0,0,90,"23.10.2022","hadasa2",8,"hugo",2,"Uriel",1.461,29.81,38.36,715.26,42.66
"hugo_23.10.2022_8_2.csv","out",90,1,90,"23.10.2022","hadasa2",8,"hugo",2,"Uriel",1.461,29.81,38.36,715.26,42.66
"hugo_24.08.2022_5_1.csv","out",106,1,106,"24.08.2022","hadasa2",5,"hugo",1,"Uriel",2.412,29.03,59.11,811.16,42.74
"hugo_24.08.2022_5_1.csv","inside",0,0,106,"24.08.2022","hadasa2",5,"hugo",1,"Uriel",2.412,29.03,59.11,811.16,42.74
"hugo_24.08.2022_5_2.csv","inside",0,0,57,"24.08.2022","hadasa1",5,"hugo",2,"Uriel",2.412,29.03,59.11,811.16,42.74
"hugo_24.08.2022_5_2.csv","out",57,1,57,"24.08.2022","hadasa1",5,"hugo",2,"Uriel",2.412,29.03,59.11,811.16,42.74
"hugo_30.11.2022_1_1.csv","inside",0,0,56,"30.11.2022","hadasa2",1,"hugo",1,"Uriel",2.745,20.23,73.57,617.02,21.74
"hugo_30.11.2022_1_1.csv","out",56,1,56,"30.11.2022","hadasa2",1,"hugo",1,"Uriel",2.745,20.23,73.57,617.02,21.74
"hugo_30.11.2022_1_2.csv","inside",0,0,119,"30.11.2022","hadasa1",1,"hugo",2,"Uriel",2.585,21,72.01,633.1,22.9
"hugo_30.11.2022_1_2.csv","out",119,1,119,"30.11.2022","hadasa1",1,"hugo",2,"Uriel",2.585,21,72.01,633.1,22.9
"hugo_30.11.2022_5_1.csv","inside",0,0,55,"30.11.2022","hadasa1",5,"hugo",1,"Uriel",2.509,21.89,69.17,564.47,24.51
"hugo_30.11.2022_5_1.csv","out",55,1,55,"30.11.2022","hadasa1",5,"hugo",1,"Uriel",2.509,21.89,69.17,564.47,24.51
"hugo_30.11.2022_5_2.csv","inside",0,0,49,"30.11.2022","hadasa2",5,"hugo",2,"Uriel",2.331,22.05,67.6,557.77,24.74
"hugo_30.11.2022_5_2.csv","out",49,1,49,"30.11.2022","hadasa2",5,"hugo",2,"Uriel",2.331,22.05,67.6,557.77,24.74
"tochka_02.08.2022_1_1.csv","inside",44,0.263473053892216,167,"02.08.2022","acre1",1,"tochka",1,"Uriel",2.009,28.88,69.81,302.89,34.89
"tochka_02.08.2022_1_1.csv","out",123,0.736526946107784,167,"02.08.2022","acre1",1,"tochka",1,"Uriel",2.009,28.88,69.81,302.89,34.89
"tochka_02.08.2022_1_2.csv","out",9,0.0978260869565217,92,"02.08.2022","acre1",1,"tochka",2,"Uriel",1.211,29.49,67.98,483.42,38.72
"tochka_02.08.2022_1_2.csv","inside",83,0.902173913043478,92,"02.08.2022","acre1",1,"tochka",2,"Uriel",1.211,29.49,67.98,483.42,38.72
"tochka_03.11.2022_6_1.csv","inside",8,0.0130505709624796,613,"03.11.2022","acre1",6,"tochka",1,"Shaked",0.749,28.54,54.12,658.07,41.78
"tochka_03.11.2022_6_1.csv","out",605,0.98694942903752,613,"03.11.2022","acre1",6,"tochka",1,"Shaked",0.749,28.54,54.12,658.07,41.78
"tochka_03.11.2022_6_2.csv","out",57,1,57,"03.11.2022","acre1",6,"tochka",2,"Shaked",0.833,28.04,55.29,650.83,40.98
"tochka_03.11.2022_6_2.csv","inside",0,0,57,"03.11.2022","acre1",6,"tochka",2,"Shaked",0.833,28.04,55.29,650.83,40.98
"tochka_13.09.2022_1_1.csv","inside",47,0.691176470588235,68,"13.09.2022","acre1",1,"tochka",1,"Shaked",1.625,30.37,64.12,692.78,46.11
"tochka_13.09.2022_1_1.csv","out",21,0.308823529411765,68,"13.09.2022","acre1",1,"tochka",1,"Shaked",1.625,30.37,64.12,692.78,46.11
"tochka_13.09.2022_1_2.csv","out",111,0.233684210526316,475,"13.09.2022","acre1",1,"tochka",2,"Shaked",1.862,30.26,63.76,721.43,46.43
"tochka_13.09.2022_1_2.csv","inside",364,0.766315789473684,475,"13.09.2022","acre1",1,"tochka",2,"Shaked",1.862,30.26,63.76,721.43,46.43
"tochka_13.11.2022_1_1.csv","inside",0,0,387,"13.11.2022","acre1",1,"tochka",1,"Uriel",0.276,26.43,43.02,506.88,31.45
"tochka_13.11.2022_1_1.csv","out",387,1,387,"13.11.2022","acre1",1,"tochka",1,"Uriel",0.276,26.43,43.02,506.88,31.45
"tochka_13.11.2022_1_2.csv","out",115,0.437262357414449,263,"13.11.2022","acre1",1,"tochka",2,"Uriel",0.443,28.56,39.07,543.07,32.73
"tochka_13.11.2022_1_2.csv","inside",148,0.562737642585551,263,"13.11.2022","acre1",1,"tochka",2,"Uriel",0.443,28.56,39.07,543.07,32.73
"tochka_14.09.2022_1_1.csv","out",58,1,58,"14.09.2022","hadasa1",1,"tochka",1,"Uriel",3.253,29.51,52.02,769.57,40.25
"tochka_14.09.2022_1_1.csv","inside",0,0,58,"14.09.2022","hadasa1",1,"tochka",1,"Uriel",3.253,29.51,52.02,769.57,40.25
"tochka_14.09.2022_1_2.csv","inside",0,0,188,"14.09.2022","hadasa2",1,"tochka",2,"Uriel",3.39,29.44,51.53,799.18,40.35
"tochka_14.09.2022_1_2.csv","out",188,1,188,"14.09.2022","hadasa2",1,"tochka",2,"Uriel",3.39,29.44,51.53,799.18,40.35
"tochka_14.09.2022_7_1.csv","inside",0,0,110,"14.09.2022","hadasa2",7,"tochka",1,"Sarah",3.312,30.46,48.77,922.64,44.58
"tochka_14.09.2022_7_1.csv","out",110,1,110,"14.09.2022","hadasa2",7,"tochka",1,"Sarah",3.312,30.46,48.77,922.64,44.58
"tochka_14.09.2022_7_2.csv","inside",0,0,104,"14.09.2022","hadasa1",7,"tochka",2,"Sarah",3.779,30.32,48.42,927.34,44.23
"tochka_14.09.2022_7_2.csv","out",104,1,104,"14.09.2022","hadasa1",7,"tochka",2,"Sarah",3.779,30.32,48.42,927.34,44.23
"tochka_16.11.2022_1_1.csv","inside",0,0,86,"16.11.2022","hadasa1",1,"tochka",1,"Uriel",2.841,21.62,57.21,345.81,20.8
"tochka_16.11.2022_1_1.csv","out",86,1,86,"16.11.2022","hadasa1",1,"tochka",1,"Uriel",2.841,21.62,57.21,345.81,20.8
"tochka_16.11.2022_1_2.csv","out",128,1,128,"16.11.2022","hadasa2",1,"tochka",2,"Uriel",2.723,21.74,58.87,339.4,21.07
"tochka_16.11.2022_1_2.csv","inside",0,0,128,"16.11.2022","hadasa2",1,"tochka",2,"Uriel",2.723,21.74,58.87,339.4,21.07
"tochka_16.11.2022_5_1.csv","inside",0,0,477,"16.11.2022","hadasa2",5,"tochka",1,"Uriel",3.012,20.37,64.77,147.33,19.44
"tochka_16.11.2022_5_1.csv","out",477,1,477,"16.11.2022","hadasa2",5,"tochka",1,"Uriel",3.012,20.37,64.77,147.33,19.44
"tochka_16.11.2022_5_2.csv","inside",3,0.027027027027027,111,"16.11.2022","hadasa1",5,"tochka",2,"Uriel",3.012,20.37,64.77,147.33,19.44
"tochka_16.11.2022_5_2.csv","out",108,0.972972972972973,111,"16.11.2022","hadasa1",5,"tochka",2,"Uriel",3.012,20.37,64.77,147.33,19.44
"tochka_22.08.2022_4_1.csv","out",626,0.587793427230047,1065,"22.08.2022","acre1",4,"tochka",1,"Uriel",1.663,31.65,62.84,956.69,54.94
"tochka_22.08.2022_4_1.csv","inside",439,0.412206572769953,1065,"22.08.2022","acre1",4,"tochka",1,"Uriel",1.663,31.65,62.84,956.69,54.94
"tochka_22.08.2022_4_2.csv","inside",29,0.90625,32,"22.08.2022","acre1",4,"tochka",2,"Uriel",1.836,31.58,62.41,970.67,54.93
"tochka_22.08.2022_4_2.csv","out",3,0.09375,32,"22.08.2022","acre1",4,"tochka",2,"Uriel",1.836,31.58,62.41,970.67,54.93
"tochka_24.08.2022_1_1.csv","out",28,1,28,"24.08.2022","hadasa2",1,"tochka",1,"Uriel",1.334,29.08,55.65,493.44,36.91
"tochka_24.08.2022_1_1.csv","inside",0,0,28,"24.08.2022","hadasa2",1,"tochka",1,"Uriel",1.334,29.08,55.65,493.44,36.91
"tochka_24.08.2022_1_2.csv","out",349,1,349,"24.08.2022","hadasa1",1,"tochka",2,"Uriel",1.151,29.67,54.26,526.64,38.58
"tochka_24.08.2022_1_2.csv","inside",0,0,349,"24.08.2022","hadasa1",1,"tochka",2,"Uriel",1.151,29.67,54.26,526.64,38.58
"tochka_24.08.2022_7_1.csv","inside",0,0,64,"24.08.2022","hadasa1",7,"tochka",1,"Uriel",3.288,29.23,59.71,896.81,43.66
"tochka_24.08.2022_7_1.csv","out",64,1,64,"24.08.2022","hadasa1",7,"tochka",1,"Uriel",3.288,29.23,59.71,896.81,43.66
"tochka_24.08.2022_7_2.csv","inside",0,0,71,"24.08.2022","hadasa2",7,"tochka",2,"Uriel",3.288,29.23,59.71,896.81,43.66
"tochka_24.08.2022_7_2.csv","out",71,1,71,"24.08.2022","hadasa2",7,"tochka",2,"Uriel",3.288,29.23,59.71,896.81,43.66
"tochka_30.11.2022_4_1.csv","inside",0,0,88,"30.11.2022","hadasa1",4,"tochka",1,"Uriel",2.762,21.46,71.27,566.63,23.56
"tochka_30.11.2022_4_1.csv","out",88,1,88,"30.11.2022","hadasa1",4,"tochka",1,"Uriel",2.762,21.46,71.27,566.63,23.56
"tochka_30.11.2022_4_2.csv","inside",0,0,81,"30.11.2022","hadasa2",4,"tochka",2,"Uriel",2.762,21.46,71.27,566.63,23.56
"tochka_30.11.2022_4_2.csv","out",81,1,81,"30.11.2022","hadasa2",4,"tochka",2,"Uriel",2.762,21.46,71.27,566.63,23.56
"tochka_30.11.2022_8_1.csv","inside",0,0,33,"30.11.2022","hadasa2",8,"tochka",1,"Uriel",2.33,22.19,67.9,542.89,25.02
"tochka_30.11.2022_8_1.csv","out",33,1,33,"30.11.2022","hadasa2",8,"tochka",1,"Uriel",2.33,22.19,67.9,542.89,25.02
